obs_id,positive,sample_n
1,16,17
2,5,6
3,21,22
4,16,17
5,18,19
6,9,10
7,5,5
8,5,5
9,13,14
10,12,12
11,10,10
12,13,14
13,15,15
14,20,21
15,6,6
16,12,13
17,15,16
18,12,13
19,16,18
20,13,14
21,18,19
22,11,11
23,9,9
24,14,14
25,12,12
26,18,19
27,15,15
28,9,9
29,6,6
30,12,12
31,7,7
32,10,10
33,5,5
34,6,6
35,6,6
36,7,7
37,8,8
38,5,5
39,10,10
40,5,5
41,8,8
42,5,5
43,15,16
44,12,13
45,13,13
46,12,12
47,5,5
48,7,7
49,6,6
50,2,2
51,7,7
52,3,3
53,4,4
54,10,10
55,16,16
56,35,37
57,7,8
58,3,3
59,4,4
60,2,2
61,8,8
62,3,3
63,4,4
64,5,5
65,13,14
66,9,9
67,2,2
68,6,6
69,16,17
70,10,10
71,3,3
72,25,26
73,13,14
74,21,22
75,16,16
76,10,10
77,20,21
78,6,7
79,3,4
80,11,12
81,16,16
82,21,22
83,17,19
84,15,16
85,8,8
86,1,3
87,5,6
88,7,9
89,2,2
90,20,21
91,5,5
92,6,6
93,15,16
94,1,2
95,14,15
96,6,6
97,11,12
98,10,10
99,3,3
100,24,26
101,6,7
102,16,17
103,17,18
104,9,9
105,10,11
106,15,16
107,17,18
108,10,11
109,10,11
110,7,7
111,2,2
112,15,16
113,8,8
114,21,22
115,16,17
116,2,3
117,7,7
118,2,3
119,4,4
120,19,20
121,3,5
122,14,15
123,17,18
124,18,20
125,4,4
126,5,6
127,13,13
128,8,8
129,10,10
130,9,9
131,8,8
132,8,8
133,7,7
134,20,22
135,7,7
136,11,11
137,10,10
138,11,11
139,12,13
140,14,14
141,9,9
142,19,20
143,7,8
144,16,17
145,2,2
146,9,9
147,21,22
148,10,12
149,24,25
150,10,10
151,22,26
152,31,32
153,13,14
154,14,14
155,15,16
156,3,4
157,20,21
158,27,28
159,15,16
160,18,19
161,25,26
162,21,22
163,20,22
164,21,22
165,13,14
166,11,11
167,19,20
168,48,50
169,25,26
170,18,19
171,15,16
172,11,11
173,6,6
174,14,14
175,13,13
176,16,16
177,20,21
178,4,4
179,20,21
180,4,4
181,13,13
182,10,10
183,9,10
184,9,9
185,22,23
186,3,3
187,10,10
188,12,12
189,2,2
190,5,5
191,4,4
192,21,22
193,20,20
194,3,3
195,6,6
196,19,20
197,9,10
198,9,10
199,9,9
200,5,5
201,17,18
202,8,8
203,11,11
204,11,12
205,9,9
206,3,4
207,13,13
208,11,11
209,4,4
210,6,7
211,3,3
212,12,12
213,14,14
214,2,2
215,16,17
216,11,11
217,8,9
218,14,14
219,19,20
220,15,16
221,11,11
222,12,13
223,10,10
224,17,18
225,4,4
226,15,15
227,7,8
228,13,14
229,8,8
230,10,10
231,6,6
232,7,7
233,7,7
234,18,19
235,16,16
236,3,3
237,5,5
238,3,3
239,7,7
240,17,17
241,4,4
242,15,16
243,5,5
244,14,14
245,6,6
246,6,6
247,9,10
248,3,4
249,13,14
250,6,6
251,6,7
252,23,24
253,17,18
254,15,15
255,8,8
256,7,7
257,14,14
258,11,11
259,11,12
260,13,13
261,10,10
262,18,19
263,17,18
264,15,15
265,10,10
266,11,11
267,10,10
268,8,8
269,8,8
270,16,16
271,9,9
272,9,9
273,11,12
274,26,27
275,13,13
276,14,14
277,3,4
278,16,17
279,14,14
280,10,11
281,16,16
282,2,2
283,14,15
284,6,6
285,8,8
286,11,11
287,8,8
288,10,10
289,6,7
290,10,11
291,11,11
292,4,4
293,12,13
294,14,14
295,13,13
296,18,19
297,27,30
298,17,18
299,13,13
300,3,3
301,14,16
302,20,22
303,14,16
304,13,14
305,19,20
306,12,14
307,4,4
308,22,28
309,17,18
310,9,10
311,7,7
312,19,20
313,21,22
314,11,11
315,17,18
316,18,18
317,6,6
318,9,9
319,8,12
320,6,6
321,2,2
322,9,9
323,21,22
324,14,15
325,12,13
326,16,17
327,5,5
328,8,8
329,17,18
330,5,6
331,14,16
332,11,12
333,7,8
334,8,9
335,13,14
336,11,12
337,14,15
338,17,18
339,5,6
340,10,11
341,17,18
342,3,4
343,19,20
344,3,3
345,10,10
346,5,5
347,14,14
348,21,22
349,11,14
350,10,11
351,6,6
352,8,8
353,9,10
354,12,14
355,15,16
356,13,14
357,17,18
358,8,8
359,7,7
360,8,8
361,4,4
362,18,19
363,16,16
364,8,8
365,9,9
366,12,12
367,17,17
368,12,13
369,2,2
370,7,7
371,3,4
372,11,11
373,14,15
374,13,13
375,12,12
376,15,15
377,13,14
378,14,14
379,12,12
380,16,16
381,18,18
382,11,11
383,9,9
384,5,5
385,8,8
386,29,33
387,8,8
388,19,19
389,14,14
390,8,10
391,22,22
392,17,18
393,6,6
394,13,13
395,12,12
396,14,15
397,13,13
398,13,14
399,10,11
400,17,17
401,16,16
402,11,11
403,14,14
404,18,18
405,20,20
406,20,20
407,17,17
408,6,6
409,20,23
410,7,8
411,7,8
412,2,2
413,4,4
414,11,11
415,9,10
416,20,22
417,9,9
418,12,12
419,18,18
420,14,15
421,15,16
422,9,10
423,15,20
424,15,16
425,5,6
426,18,19
427,9,10
428,16,17
429,4,5
430,3,3
431,15,16
432,22,25
433,14,17
434,10,10
435,5,5
436,8,9
437,3,3
438,3,4
439,11,12
440,10,10
441,11,11
442,15,16
443,4,5
444,3,3
445,7,8
446,39,45
447,32,34
448,14,15
449,21,23
450,21,22
451,8,8
452,15,16
453,15,16
454,19,20
455,6,8
456,6,6
457,17,17
458,10,11
459,9,10
460,8,8
461,14,17
462,14,15
463,16,17
464,12,12
465,16,17
466,7,7
467,11,12
468,9,9
469,9,10
470,11,11
471,10,10
472,17,18
473,9,10
474,5,7
475,16,16
476,23,23
477,13,14
478,10,10
479,14,14
480,20,21
481,13,14
482,16,16
483,10,10
484,13,14
485,6,7
486,16,17
487,17,18
488,9,9
489,15,15
490,18,18
491,11,12
492,21,22
493,17,18
494,17,17
495,22,23
496,15,16
497,4,5
498,12,12
499,15,15
500,13,14
501,11,12
502,14,15
503,4,4
504,18,19
505,10,12
506,5,5
507,15,15
508,7,7
509,20,21
510,20,20
511,12,12
512,15,16
513,13,13
514,24,25
515,3,3
516,4,4
517,8,8
518,15,16
519,8,8
520,2,2
521,8,8
522,14,14
523,19,19
524,19,20
525,13,14
526,15,15
527,5,6
528,4,4
529,16,17
530,14,14
531,13,14
532,9,9
533,12,13
534,13,13
535,10,10
536,11,12
537,22,24
538,13,15
539,19,20
540,8,8
541,13,14
542,15,16
543,18,19
544,13,14
545,7,8
546,12,13
547,5,5
548,14,15
549,12,13
550,6,6
551,14,16
552,10,10
553,15,15
554,31,33
555,12,14
556,12,12
557,7,7
558,20,21
559,15,16
560,9,9
561,21,22
562,13,14
563,22,24
564,12,13
565,15,17
566,18,19
567,9,10
568,17,18
569,13,14
570,6,6
571,7,7
572,6,6
573,15,16
574,13,13
575,12,12
576,14,14
577,14,14
578,10,10
579,11,11
580,12,12
581,14,15
582,10,10
583,34,34
584,12,13
585,10,10
586,13,14
587,11,14
588,7,8
589,12,13
590,10,10
591,6,6
592,17,17
593,6,6
594,11,12
595,17,17
596,15,16
597,16,16
598,15,16
599,8,9
600,19,20
601,6,6
602,12,12
603,2,2
604,12,15
605,16,16
606,19,19
607,15,16
608,12,12
609,17,17
610,6,6
611,15,15
612,10,10
613,4,4
614,5,5
615,17,18
616,12,12
617,10,11
618,12,12
619,4,4
620,14,15
621,7,7
622,14,15
623,17,18
624,11,12
625,7,7
626,5,5
627,10,10
628,12,13
629,8,8
630,17,18
631,14,15
632,3,3
633,10,12
634,14,15
635,14,14
636,11,11
637,16,16
638,14,14
639,4,4
640,10,10
641,23,23
642,13,14
643,10,11
644,15,16
645,15,17
646,15,16
647,11,12
648,13,15
649,10,10
650,3,3
651,7,7
652,20,21
653,7,7
654,14,14
655,13,13
656,14,15
657,13,14
658,5,6
659,2,2
660,18,20
661,13,13
662,12,12
663,7,7
664,8,8
665,7,8
666,15,17
667,4,4
668,18,18
669,3,4
670,7,7
671,5,5
672,7,7
673,6,6
674,12,12
675,16,17
676,5,5
677,5,5
678,8,8
679,7,8
680,10,10
681,30,32
682,28,30
683,15,16
684,8,8
685,5,5
686,21,22
687,21,24
688,14,14
689,2,2
690,23,24
691,13,14
692,16,17
693,17,18
694,18,19
695,21,26
696,1,2
697,14,15
698,16,17
699,2,3
700,13,14
701,11,12
702,13,14
703,7,7
704,10,10
705,11,12
706,8,9
707,14,15
708,3,5
709,12,13
710,11,12
711,13,14
712,9,9
713,14,16
714,14,14
715,15,16
716,10,10
717,12,13
718,16,17
719,11,12
720,4,4
721,3,3
722,13,14
723,3,3
724,20,20
725,10,10
726,19,20
727,9,9
728,9,9
729,17,18
730,15,16
731,17,18
732,16,18
733,11,12
734,4,4
735,2,2
736,22,24
737,16,16
738,11,11
739,14,14
740,21,22
741,14,14
742,5,6
743,18,19
744,10,10
745,16,17
746,23,24
747,17,18
748,20,23
749,3,5
750,12,13
751,24,25
752,17,19
753,24,25
754,9,9
755,8,8
756,21,22
757,22,23
758,2,2
759,5,6
760,2,2
761,15,16
762,20,21
763,6,7
764,16,17
765,4,4
766,4,4
767,12,12
768,14,14
769,8,8
770,8,8
771,5,5
772,21,22
773,25,25
774,17,18
775,16,16
776,19,19
777,16,17
778,29,30
779,13,14
780,14,14
781,4,5
782,25,26
783,12,13
784,10,11
785,14,14
786,9,9
787,26,27
788,17,18
789,21,21
790,30,31
791,20,21
792,21,22
793,13,14
794,6,6
795,21,22
796,13,14
797,24,25
798,15,15
799,4,4
800,4,4
801,3,3
802,5,5
803,14,14
804,13,14
805,14,15
806,15,16
807,16,16
808,17,17
809,12,12
810,4,4
811,11,11
812,18,18
813,17,18
814,8,8
815,12,12
816,7,7
817,13,13
818,3,4
819,16,16
820,10,10
821,12,13
822,16,16
823,14,14
824,7,8
825,6,6
826,11,12
827,14,15
828,13,14
829,4,6
830,9,10
831,9,10
832,21,22
833,8,8
834,9,10
835,16,17
836,17,18
837,10,10
838,17,18
839,2,3
840,10,10
841,13,15
842,12,13
843,12,13
844,5,5
845,15,16
846,20,21
847,11,11
848,4,4
849,15,16
850,1,2
851,10,10
852,6,6
853,6,6
854,17,18
855,8,8
856,12,12
857,9,9
858,9,9
859,3,3
860,7,7
861,8,8
862,10,10
863,21,22
864,8,8
865,7,7
866,2,2
867,4,4
868,2,2
869,26,28
870,21,22
871,12,13
872,18,18
873,2,3
874,21,22
875,30,32
876,16,17
877,19,21
878,3,4
879,4,4
880,10,14
881,8,9
882,12,13
883,23,23
884,2,2
885,5,5
886,17,18
887,16,16
888,7,7
889,19,20
890,17,19
891,15,16
892,14,15
893,11,12
894,16,17
895,20,23
896,5,5
897,16,18
898,21,22
899,7,7
900,5,6
901,12,12
902,21,22
903,20,21
904,11,11
905,5,6
906,14,14
907,18,19
908,7,8
909,15,17
910,12,13
911,9,9
912,25,26
913,23,24
914,8,8
915,17,18
916,20,21
917,12,13
918,4,4
919,19,20
920,3,3
921,14,15
922,8,9
923,19,20
924,7,8
925,15,16
926,16,17
927,6,6
928,14,16
929,21,22
930,15,16
931,14,15
932,6,6
933,13,15
934,18,20
935,18,19
936,19,19
937,14,22
938,19,20
939,7,7
940,14,15
941,13,14
942,13,13
943,3,4
944,4,4
945,7,7
946,25,26
947,13,13
948,10,11
949,18,20
950,21,22
951,6,9
952,15,15
953,18,18
954,16,16
955,18,19
956,14,15
957,26,28
958,9,10
959,13,15
960,17,18
961,4,4
962,18,18
963,21,22
964,20,21
965,17,18
966,7,8
967,14,15
968,8,8
969,20,20
970,8,8
971,12,12
972,17,17
973,9,13
974,13,14
975,13,18
976,9,10
977,18,19
978,8,8
979,14,16
980,3,3
981,22,26
982,17,19
983,8,9
984,6,6
985,7,7
986,14,15
987,20,21
988,20,22
989,13,13
990,18,18
991,9,9
992,13,14
993,5,5
994,8,8
995,14,14
996,18,18
997,3,3
998,8,8
999,10,10
1000,1,2
1001,7,7
1002,4,5
1003,6,6
1004,18,19
1005,7,8
1006,7,7
1007,18,18
1008,11,11
1009,8,9
1010,12,12
1011,3,4
1012,18,19
1013,13,13
1014,11,11
1015,13,13
1016,6,6
1017,15,16
1018,17,18
1019,16,16
1020,6,6
1021,11,12
1022,9,9
1023,19,20
1024,5,5
1025,2,2
1026,18,19
1027,6,6
1028,12,12
1029,9,10
1030,29,30
1031,11,11
1032,10,10
1033,8,8
1034,7,7
1035,5,5
1036,4,4
1037,15,15
1038,14,14
1039,8,8
1040,15,16
1041,3,3
1042,14,14
1043,11,11
1044,3,4
1045,13,14
1046,12,12
1047,16,17
1048,16,16
1049,7,8
1050,3,3
1051,18,18
1052,2,2
1053,2,2
1054,13,13
1055,20,21
1056,10,11
1057,8,8
1058,3,3
1059,15,15
1060,12,13
1061,2,2
1062,10,12
1063,9,10
1064,14,14
1065,7,7
1066,14,15
1067,12,12
1068,7,7
1069,3,3
1070,15,16
1071,15,16
1072,15,18
1073,10,11
1074,30,32
1075,3,4
1076,17,18
1077,20,21
1078,7,7
1079,4,5
1080,13,14
1081,7,8
1082,7,8
1083,19,20
1084,4,5
1085,20,21
1086,10,12
1087,3,3
1088,13,14
1089,19,21
1090,24,27
1091,17,18
1092,21,22
1093,3,3
1094,16,17
1095,14,15
1096,17,18
1097,4,4
1098,5,5
1099,12,13
1100,9,9
1101,13,14
1102,10,10
1103,7,9
1104,7,7
1105,10,10
1106,16,16
1107,13,13
1108,11,11
1109,12,12
1110,10,10
1111,15,15
1112,9,9
1113,4,4
1114,8,8
1115,6,6
1116,7,7
1117,8,8
1118,3,4
1119,14,14
1120,6,6
1121,16,17
1122,13,13
1123,6,6
1124,13,13
1125,13,13
1126,10,11
1127,3,4
1128,8,8
1129,16,17
1130,17,17
1131,12,13
1132,15,16
1133,10,10
1134,2,2
1135,12,12
1136,14,15
1137,20,22
1138,18,19
1139,22,23
1140,10,10
1141,16,16
1142,5,5
1143,7,7
1144,2,2
1145,12,12
1146,12,12
1147,7,7
1148,18,19
1149,12,12
1150,4,4
1151,15,15
1152,10,11
1153,17,18
1154,3,3
1155,23,25
1156,16,16
1157,9,9
1158,11,11
1159,6,7
1160,3,3
1161,8,8
1162,21,22
1163,23,24
1164,12,13
1165,5,5
1166,6,6
1167,11,12
1168,20,20
1169,9,10
1170,8,8
1171,4,4
1172,2,2
1173,5,5
1174,18,19
1175,14,14
1176,4,4
1177,46,47
1178,13,14
1179,9,9
1180,9,10
1181,11,11
1182,2,2
1183,17,17
1184,11,11
1185,8,8
1186,10,10
1187,6,6
1188,8,8
1189,4,4
1190,10,10
1191,14,14
1192,14,14
1193,19,20
1194,11,11
1195,14,14
1196,12,12
1197,13,13
1198,2,2
1199,12,13
1200,11,11
1201,18,19
1202,10,10
1203,16,16
1204,9,9
1205,10,10
1206,14,14
1207,14,14
1208,14,14
1209,16,16
1210,12,12
1211,12,12
1212,2,2
1213,10,10
1214,22,23
1215,8,8
1216,13,14
1217,10,10
1218,10,11
1219,18,20
1220,12,12
1221,15,15
1222,12,12
1223,11,12
1224,23,24
1225,22,23
1226,4,4
1227,6,6
1228,16,17
1229,9,9
1230,13,14
1231,9,9
1232,17,18
1233,12,12
1234,3,3
1235,15,16
1236,6,6
1237,9,9
1238,10,10
1239,11,11
1240,13,13
1241,10,10
1242,13,14
1243,9,10
1244,15,16
1245,12,12
1246,14,14
1247,14,15
1248,9,9
1249,7,9
1250,17,18
1251,10,11
1252,16,18
1253,12,14
1254,15,16
1255,15,16
1256,14,15
1257,16,17
1258,18,20
1259,16,17
1260,7,8
1261,8,8
1262,2,2
1263,9,9
1264,12,12
1265,5,5
1266,14,15
1267,4,4
1268,3,4
1269,34,38
1270,19,20
1271,6,6
1272,17,18
1273,14,14
1274,13,13
1275,13,13
1276,7,7
1277,8,8
1278,10,10
1279,9,10
1280,7,7
1281,1,2
1282,18,19
1283,4,5
1284,10,10
1285,10,10
1286,6,6
1287,13,13
1288,41,42
1289,14,15
1290,11,12
1291,11,12
1292,14,15
1293,23,24
1294,5,5
1295,21,21
1296,4,4
1297,16,16
1298,20,23
1299,15,16
1300,10,10
1301,12,12
1302,5,6
1303,15,16
1304,3,3
1305,10,10
1306,11,11
1307,3,4
1308,15,16
1309,6,6
1310,8,8
1311,9,9
1312,6,6
1313,10,10
1314,14,14
1315,6,6
1316,6,6
1317,13,13
1318,6,6
1319,10,10
1320,4,4
1321,4,4
1322,13,13
1323,6,6
1324,8,8
1325,24,24
1326,10,10
1327,8,8
1328,10,10
1329,16,16
1330,7,7
1331,13,13
1332,12,12
1333,6,6
1334,10,10
1335,9,9
1336,3,4
1337,8,8
1338,6,6
1339,9,9
1340,12,12
1341,11,12
1342,1,2
1343,15,16
1344,2,3
1345,13,13
1346,10,11
1347,4,4
1348,7,7
1349,19,20
1350,2,4
1351,15,15
1352,10,11
1353,12,13
1354,3,3
1355,1,2
1356,13,14
1357,19,20
1358,25,26
1359,12,13
1360,15,16
1361,12,14
1362,5,6
1363,7,7
1364,17,18
1365,19,20
1366,18,19
1367,12,13
1368,15,16
1369,14,14
1370,13,14
1371,14,14
1372,13,14
1373,32,34
1374,3,5
1375,20,21
1376,5,5
1377,14,16
1378,29,30
1379,13,15
1380,9,9
1381,19,20
1382,13,14
1383,16,17
1384,5,5
1385,15,16
1386,20,21
1387,14,15
1388,10,10
1389,10,10
1390,10,11
1391,7,7
1392,12,12
1393,10,11
1394,6,6
1395,17,19
1396,2,2
1397,6,6
1398,4,4
1399,8,8
1400,11,11
1401,9,9
1402,21,21
1403,19,22
1404,5,5
1405,28,28
1406,19,20
1407,10,11
1408,20,21
1409,19,20
1410,16,16
1411,19,20
1412,18,20
1413,11,12
1414,14,15
1415,20,21
1416,10,11
1417,22,23
1418,15,20
1419,18,20
1420,17,17
1421,12,13
1422,9,10
1423,17,17
1424,21,22
1425,4,4
1426,23,23
1427,5,6
1428,7,7
1429,2,3
1430,20,21
1431,17,17
1432,16,16
1433,22,22
1434,23,24
1435,17,18
1436,20,20
1437,14,17
1438,14,14
1439,13,13
1440,12,12
1441,18,18
1442,15,16
1443,12,13
1444,18,18
1445,13,13
1446,12,12
1447,19,20
1448,3,3
1449,22,23
1450,9,10
1451,16,18
1452,16,16
1453,24,25
1454,26,27
1455,2,2
1456,16,17
1457,2,4
1458,12,12
1459,5,6
1460,17,17
1461,19,20
1462,27,28
1463,20,22
1464,19,19
1465,17,17
1466,14,14
1467,15,16
1468,11,12
1469,14,15
1470,20,20
1471,21,21
1472,20,20
1473,11,12
1474,16,17
1475,17,18
1476,12,13
1477,15,16
1478,18,18
1479,16,17
1480,18,18
1481,8,8
1482,18,19
1483,4,5
1484,14,15
1485,15,17
1486,19,20
1487,19,20
1488,5,7
1489,17,17
1490,26,27
1491,9,9
1492,28,28
1493,7,7
1494,25,26
1495,8,8
1496,15,16
1497,13,13
1498,20,21
1499,18,18
1500,17,18
1501,11,11
1502,10,10
1503,15,17
1504,3,3
1505,21,23
1506,6,6
1507,9,10
1508,2,2
1509,8,8
1510,12,13
1511,11,11
1512,4,4
1513,19,21
1514,17,17
1515,14,15
1516,13,13
1517,8,8
1518,15,16
1519,22,22
1520,17,18
1521,17,18
1522,13,14
1523,8,8
1524,9,9
1525,9,9
1526,13,13
1527,12,13
1528,26,26
1529,15,16
1530,17,20
1531,14,15
1532,6,6
1533,14,14
1534,23,23
1535,20,20
1536,13,13
1537,16,17
1538,10,11
1539,13,15
1540,13,13
1541,13,14
1542,10,15
1543,15,15
1544,22,23
1545,13,14
1546,19,19
1547,18,19
1548,12,12
1549,22,23
1550,14,14
1551,15,18
1552,9,9
1553,8,8
1554,6,6
1555,3,3
1556,9,9
1557,6,6
1558,4,5
1559,5,5
1560,14,15
1561,3,3
1562,12,12
1563,3,4
1564,7,7
1565,27,27
1566,21,22
1567,4,4
1568,18,19
1569,6,7
1570,16,16
1571,15,16
1572,25,26
1573,30,31
1574,19,19
1575,18,18
1576,18,18
1577,29,30
1578,4,4
1579,14,15
1580,9,10
1581,4,4
1582,13,13
1583,3,3
1584,7,7
1585,10,10
1586,4,4
1587,20,20
1588,7,7
1589,7,7
1590,14,14
1591,11,11
1592,11,11
1593,6,6
1594,10,10
1595,3,3
1596,10,10
1597,9,9
1598,5,6
1599,11,12
1600,8,8
1601,6,6
1602,15,16
1603,6,6
1604,13,14
1605,11,12
1606,15,15
1607,14,14
1608,18,19
1609,6,6
1610,9,10
1611,13,14
1612,10,10
1613,10,10
1614,12,12
1615,11,11
1616,7,7
1617,8,8
1618,8,8
1619,5,5
1620,8,8
1621,11,11
1622,15,15
1623,10,10
1624,11,11
1625,7,7
1626,3,3
1627,17,17
1628,5,6
1629,21,22
1630,16,17
1631,19,19
1632,10,10
1633,5,5
1634,4,5
1635,13,14
1636,12,12
1637,10,10
1638,14,14
1639,15,15
1640,21,21
1641,4,6
1642,12,13
1643,16,16
1644,12,13
1645,17,18
1646,13,14
1647,19,19
1648,11,11
1649,9,9
1650,14,14
1651,12,12
1652,18,19
1653,15,15
1654,9,9
1655,6,6
1656,11,12
1657,7,7
1658,9,10
1659,5,5
1660,6,6
1661,6,6
1662,6,7
1663,8,8
1664,5,5
1665,10,10
1666,5,5
1667,8,8
1668,5,5
1669,16,16
1670,12,13
1671,13,13
1672,12,12
1673,5,5
1674,7,7
1675,6,6
1676,2,2
1677,7,7
1678,3,3
1679,4,4
1680,10,10
1681,15,16
1682,36,37
1683,8,8
1684,3,3
1685,4,4
1686,2,2
1687,7,8
1688,3,3
1689,4,4
1690,5,5
1691,14,14
1692,9,9
1693,2,2
1694,6,6
1695,17,17
1696,10,10
1697,3,3
1698,26,26
1699,13,14
1700,21,22
1701,16,16
1702,10,10
1703,20,21
1704,6,7
1705,1,4
1706,10,12
1707,16,16
1708,21,22
1709,19,19
1710,15,16
1711,8,8
1712,1,3
1713,4,6
1714,5,9
1715,2,2
1716,20,21
1717,5,5
1718,6,6
1719,15,16
1720,2,2
1721,13,15
1722,6,6
1723,11,12
1724,10,10
1725,3,3
1726,22,26
1727,6,7
1728,16,17
1729,17,18
1730,9,9
1731,11,11
1732,15,16
1733,16,18
1734,10,11
1735,10,11
1736,7,7
1737,2,2
1738,15,16
1739,8,8
1740,21,22
1741,17,17
1742,2,3
1743,6,7
1744,2,3
1745,3,4
1746,18,20
1747,1,5
1748,15,15
1749,17,18
1750,16,20
1751,4,4
1752,5,6
1753,12,13
1754,8,8
1755,10,10
1756,9,9
1757,8,8
1758,8,8
1759,7,7
1760,21,22
1761,7,7
1762,11,11
1763,10,10
1764,11,11
1765,12,13
1766,14,14
1767,9,9
1768,19,20
1769,8,8
1770,17,17
1771,2,2
1772,9,9
1773,21,22
1774,9,12
1775,24,25
1776,9,10
1777,24,26
1778,31,32
1779,12,14
1780,14,14
1781,16,16
1782,2,4
1783,20,21
1784,27,28
1785,15,16
1786,17,19
1787,26,26
1788,20,22
1789,18,22
1790,21,22
1791,13,14
1792,11,11
1793,19,20
1794,49,50
1795,24,26
1796,18,19
1797,15,16
1798,11,11
1799,6,6
1800,14,14
1801,13,13
1802,16,16
1803,20,21
1804,4,4
1805,21,21
1806,4,4
1807,13,13
1808,10,10
1809,9,10
1810,9,9
1811,22,23
1812,3,3
1813,10,10
1814,12,12
1815,2,2
1816,5,5
1817,4,4
1818,21,22
1819,20,20
1820,3,3
1821,5,6
1822,19,20
1823,9,10
1824,10,10
1825,9,9
1826,5,5
1827,17,18
1828,8,8
1829,11,11
1830,11,12
1831,8,9
1832,3,4
1833,12,13
1834,10,11
1835,4,4
1836,5,7
1837,3,3
1838,12,12
1839,14,14
1840,2,2
1841,16,17
1842,11,11
1843,8,9
1844,13,14
1845,18,20
1846,14,16
1847,11,11
1848,12,13
1849,10,10
1850,16,18
1851,4,4
1852,14,15
1853,6,8
1854,13,14
1855,8,8
1856,10,10
1857,6,6
1858,7,7
1859,7,7
1860,19,19
1861,16,16
1862,3,3
1863,4,5
1864,3,3
1865,7,7
1866,17,17
1867,4,4
1868,15,16
1869,5,5
1870,14,14
1871,5,6
1872,6,6
1873,9,10
1874,3,4
1875,13,14
1876,6,6
1877,6,7
1878,23,24
1879,17,18
1880,14,15
1881,8,8
1882,7,7
1883,13,14
1884,11,11
1885,10,12
1886,13,13
1887,9,10
1888,18,19
1889,17,18
1890,15,15
1891,10,10
1892,11,11
1893,9,10
1894,8,8
1895,6,8
1896,15,16
1897,8,9
1898,9,9
1899,12,12
1900,26,27
1901,13,13
1902,14,14
1903,3,4
1904,16,17
1905,14,14
1906,11,11
1907,16,16
1908,2,2
1909,14,15
1910,6,6
1911,8,8
1912,11,11
1913,8,8
1914,10,10
1915,6,7
1916,11,11
1917,11,11
1918,4,4
1919,12,13
1920,14,14
1921,13,13
1922,18,19
1923,29,30
1924,17,18
1925,13,13
1926,3,3
1927,14,16
1928,20,22
1929,15,16
1930,14,14
1931,20,20
1932,13,14
1933,3,4
1934,25,28
1935,17,18
1936,10,10
1937,7,7
1938,20,20
1939,20,22
1940,11,11
1941,17,18
1942,18,18
1943,6,6
1944,9,9
1945,12,12
1946,6,6
1947,2,2
1948,9,9
1949,21,22
1950,14,15
1951,13,13
1952,17,17
1953,5,5
1954,8,8
1955,15,18
1956,5,6
1957,16,16
1958,11,12
1959,7,8
1960,9,9
1961,14,14
1962,12,12
1963,14,15
1964,17,18
1965,5,6
1966,11,11
1967,17,18
1968,3,4
1969,19,20
1970,3,3
1971,10,10
1972,5,5
1973,14,14
1974,22,22
1975,10,14
1976,10,11
1977,6,6
1978,8,8
1979,7,10
1980,13,14
1981,16,16
1982,13,14
1983,17,18
1984,7,8
1985,7,7
1986,8,8
1987,4,4
1988,18,19
1989,15,16
1990,8,8
1991,9,9
1992,12,12
1993,16,17
1994,13,13
1995,2,2
1996,7,7
1997,3,4
1998,10,11
1999,15,15
2000,13,13
2001,12,12
2002,15,15
2003,14,14
2004,13,14
2005,12,12
2006,16,16
2007,17,18
2008,11,11
2009,9,9
2010,5,5
2011,8,8
2012,33,33
2013,8,8
2014,18,19
2015,14,14
2016,9,10
2017,22,22
2018,18,18
2019,6,6
2020,13,13
2021,12,12
2022,15,15
2023,13,13
2024,13,14
2025,11,11
2026,17,17
2027,16,16
2028,11,11
2029,14,14
2030,18,18
2031,19,20
2032,20,20
2033,17,17
2034,6,6
2035,23,23
2036,7,8
2037,7,8
2038,2,2
2039,4,4
2040,10,11
2041,9,10
2042,21,22
2043,9,9
2044,12,12
2045,18,18
2046,13,15
2047,14,16
2048,9,10
2049,18,20
2050,14,16
2051,5,6
2052,18,19
2053,9,10
2054,17,17
2055,5,5
2056,3,3
2057,15,16
2058,23,25
2059,17,17
2060,10,10
2061,5,5
2062,8,9
2063,2,3
2064,4,4
2065,11,12
2066,10,10
2067,11,11
2068,15,16
2069,5,5
2070,3,3
2071,7,8
2072,35,45
2073,33,34
2074,14,15
2075,20,23
2076,21,22
2077,8,8
2078,15,16
2079,15,16
2080,19,20
2081,8,8
2082,6,6
2083,17,17
2084,10,11
2085,9,10
2086,8,8
2087,15,17
2088,15,15
2089,17,17
2090,12,12
2091,16,17
2092,7,7
2093,12,12
2094,9,9
2095,10,10
2096,11,11
2097,9,10
2098,16,18
2099,9,10
2100,6,7
2101,15,16
2102,23,23
2103,14,14
2104,10,10
2105,13,14
2106,20,21
2107,13,14
2108,16,16
2109,9,10
2110,13,14
2111,5,7
2112,12,17
2113,17,18
2114,9,9
2115,15,15
2116,17,18
2117,11,12
2118,17,22
2119,18,18
2120,17,17
2121,22,23
2122,12,16
2123,5,5
2124,12,12
2125,15,15
2126,13,14
2127,11,12
2128,12,15
2129,4,4
2130,18,19
2131,11,12
2132,5,5
2133,15,15
2134,7,7
2135,21,21
2136,19,20
2137,12,12
2138,16,16
2139,13,13
2140,24,25
2141,3,3
2142,4,4
2143,8,8
2144,15,16
2145,8,8
2146,2,2
2147,7,8
2148,13,14
2149,19,19
2150,18,20
2151,13,14
2152,15,15
2153,4,6
2154,4,4
2155,17,17
2156,14,14
2157,14,14
2158,9,9
2159,13,13
2160,13,13
2161,10,10
2162,11,12
2163,21,24
2164,13,15
2165,18,20
2166,8,8
2167,14,14
2168,15,16
2169,19,19
2170,13,14
2171,7,8
2172,10,13
2173,5,5
2174,14,15
2175,11,13
2176,6,6
2177,15,16
2178,10,10
2179,15,15
2180,31,33
2181,10,14
2182,11,12
2183,7,7
2184,20,21
2185,15,16
2186,9,9
2187,21,22
2188,14,14
2189,23,24
2190,12,13
2191,15,17
2192,17,19
2193,9,10
2194,14,18
2195,13,14
2196,6,6
2197,7,7
2198,6,6
2199,15,16
2200,13,13
2201,12,12
2202,14,14
2203,14,14
2204,10,10
2205,11,11
2206,12,12
2207,14,15
2208,10,10
2209,34,34
2210,13,13
2211,10,10
2212,13,14
2213,4,14
2214,6,8
2215,12,13
2216,10,10
2217,6,6
2218,16,17
2219,6,6
2220,10,12
2221,17,17
2222,16,16
2223,16,16
2224,16,16
2225,8,9
2226,19,20
2227,6,6
2228,12,12
2229,2,2
2230,14,15
2231,16,16
2232,18,19
2233,15,16
2234,12,12
2235,17,17
2236,6,6
2237,15,15
2238,10,10
2239,4,4
2240,5,5
2241,16,18
2242,12,12
2243,10,11
2244,11,12
2245,4,4
2246,13,15
2247,7,7
2248,14,15
2249,17,18
2250,11,12
2251,7,7
2252,5,5
2253,9,10
2254,13,13
2255,8,8
2256,15,18
2257,14,15
2258,3,3
2259,12,12
2260,15,15
2261,13,14
2262,11,11
2263,15,16
2264,13,14
2265,4,4
2266,9,10
2267,22,23
2268,13,14
2269,10,11
2270,16,16
2271,16,17
2272,14,16
2273,11,12
2274,15,15
2275,9,10
2276,3,3
2277,7,7
2278,19,21
2279,7,7
2280,13,14
2281,13,13
2282,14,15
2283,13,14
2284,6,6
2285,2,2
2286,19,20
2287,13,13
2288,12,12
2289,7,7
2290,8,8
2291,8,8
2292,17,17
2293,4,4
2294,17,18
2295,3,4
2296,7,7
2297,5,5
2298,7,7
2299,6,6
2300,12,12
2301,16,17
2302,5,5
2303,4,5
2304,8,8
2305,6,8
2306,9,10
2307,30,32
2308,28,30
2309,15,16
2310,8,8
2311,5,5
2312,20,22
2313,20,24
2314,13,14
2315,2,2
2316,23,24
2317,13,14
2318,17,17
2319,16,18
2320,19,19
2321,23,26
2322,0,2
2323,15,15
2324,17,17
2325,2,3
2326,14,14
2327,12,12
2328,13,14
2329,7,7
2330,9,10
2331,12,12
2332,8,9
2333,14,15
2334,3,5
2335,11,13
2336,12,12
2337,14,14
2338,9,9
2339,14,16
2340,13,14
2341,15,16
2342,10,10
2343,12,13
2344,15,17
2345,11,12
2346,4,4
2347,3,3
2348,14,14
2349,3,3
2350,19,20
2351,10,10
2352,20,20
2353,9,9
2354,9,9
2355,18,18
2356,15,16
2357,18,18
2358,13,18
2359,9,12
2360,4,4
2361,2,2
2362,22,24
2363,16,16
2364,10,11
2365,14,14
2366,21,22
2367,13,14
2368,4,6
2369,18,19
2370,9,10
2371,16,17
2372,23,24
2373,17,18
2374,19,23
2375,3,5
2376,12,13
2377,23,25
2378,18,19
2379,24,25
2380,9,9
2381,7,8
2382,21,22
2383,22,23
2384,2,2
2385,5,6
2386,2,2
2387,15,16
2388,19,21
2389,5,7
2390,16,17
2391,4,4
2392,4,4
2393,12,12
2394,14,14
2395,8,8
2396,8,8
2397,4,5
2398,20,22
2399,25,25
2400,16,18
2401,15,16
2402,19,19
2403,16,17
2404,29,30
2405,13,14
2406,14,14
2407,4,5
2408,25,26
2409,11,13
2410,11,11
2411,13,14
2412,9,9
2413,26,27
2414,17,18
2415,21,21
2416,29,31
2417,20,21
2418,22,22
2419,11,14
2420,6,6
2421,21,22
2422,10,14
2423,25,25
2424,15,15
2425,4,4
2426,4,4
2427,3,3
2428,5,5
2429,14,14
2430,13,14
2431,14,15
2432,13,16
2433,16,16
2434,17,17
2435,11,12
2436,4,4
2437,11,11
2438,18,18
2439,17,18
2440,8,8
2441,12,12
2442,7,7
2443,13,13
2444,3,4
2445,15,16
2446,10,10
2447,12,13
2448,16,16
2449,14,14
2450,7,8
2451,6,6
2452,11,12
2453,14,15
2454,14,14
2455,4,6
2456,8,10
2457,9,10
2458,20,22
2459,8,8
2460,9,10
2461,16,17
2462,16,18
2463,9,10
2464,16,18
2465,2,3
2466,9,10
2467,13,15
2468,11,13
2469,13,13
2470,4,5
2471,12,16
2472,19,21
2473,10,11
2474,3,4
2475,15,16
2476,1,2
2477,9,10
2478,6,6
2479,6,6
2480,18,18
2481,8,8
2482,12,12
2483,9,9
2484,9,9
2485,3,3
2486,7,7
2487,8,8
2488,10,10
2489,21,22
2490,8,8
2491,6,7
2492,2,2
2493,4,4
2494,2,2
2495,26,28
2496,21,22
2497,12,13
2498,17,18
2499,2,3
2500,22,22
2501,29,32
2502,16,17
2503,20,21
2504,3,4
2505,4,4
2506,12,14
2507,8,9
2508,12,13
2509,23,23
2510,2,2
2511,5,5
2512,17,18
2513,16,16
2514,7,7
2515,18,20
2516,15,19
2517,16,16
2518,15,15
2519,9,12
2520,16,17
2521,21,23
2522,5,5
2523,17,18
2524,21,22
2525,7,7
2526,6,6
2527,10,12
2528,21,22
2529,20,21
2530,11,11
2531,4,6
2532,13,14
2533,18,19
2534,7,8
2535,17,17
2536,13,13
2537,9,9
2538,25,26
2539,23,24
2540,8,8
2541,17,18
2542,21,21
2543,12,13
2544,4,4
2545,19,20
2546,3,3
2547,14,15
2548,8,9
2549,18,20
2550,8,8
2551,16,16
2552,17,17
2553,5,6
2554,15,16
2555,21,22
2556,15,16
2557,14,15
2558,6,6
2559,12,15
2560,20,20
2561,19,19
2562,19,19
2563,11,22
2564,19,20
2565,7,7
2566,14,15
2567,13,14
2568,13,13
2569,3,4
2570,4,4
2571,7,7
2572,25,26
2573,12,13
2574,10,11
2575,20,20
2576,22,22
2577,7,9
2578,14,15
2579,18,18
2580,16,16
2581,18,19
2582,14,15
2583,25,28
2584,9,10
2585,13,15
2586,17,18
2587,4,4
2588,18,18
2589,21,22
2590,20,21
2591,17,18
2592,7,8
2593,14,15
2594,7,8
2595,20,20
2596,7,8
2597,11,12
2598,16,17
2599,13,13
2600,13,14
2601,17,18
2602,9,10
2603,18,19
2604,7,8
2605,16,16
2606,2,3
2607,21,26
2608,18,19
2609,7,9
2610,6,6
2611,6,7
2612,14,15
2613,20,21
2614,20,22
2615,13,13
2616,18,18
2617,8,9
2618,13,14
2619,5,5
2620,8,8
2621,14,14
2622,18,18
2623,3,3
2624,8,8
2625,10,10
2626,1,2
2627,6,7
2628,4,5
2629,6,6
2630,19,19
2631,7,8
2632,7,7
2633,18,18
2634,11,11
2635,7,9
2636,11,12
2637,4,4
2638,18,19
2639,12,13
2640,11,11
2641,12,13
2642,6,6
2643,16,16
2644,17,18
2645,16,16
2646,6,6
2647,12,12
2648,9,9
2649,20,20
2650,5,5
2651,2,2
2652,18,19
2653,6,6
2654,11,12
2655,10,10
2656,30,30
2657,11,11
2658,10,10
2659,7,8
2660,7,7
2661,5,5
2662,4,4
2663,15,15
2664,13,14
2665,8,8
2666,16,16
2667,3,3
2668,13,14
2669,11,11
2670,4,4
2671,13,14
2672,12,12
2673,16,17
2674,16,16
2675,8,8
2676,3,3
2677,17,18
2678,1,2
2679,2,2
2680,13,13
2681,20,21
2682,11,11
2683,7,8
2684,2,3
2685,15,15
2686,11,13
2687,2,2
2688,10,12
2689,9,10
2690,14,14
2691,7,7
2692,15,15
2693,12,12
2694,7,7
2695,3,3
2696,15,16
2697,16,16
2698,10,18
2699,11,11
2700,29,32
2701,2,4
2702,17,18
2703,20,21
2704,6,7
2705,4,5
2706,13,14
2707,7,8
2708,7,8
2709,20,20
2710,4,5
2711,21,21
2712,6,12
2713,2,3
2714,13,14
2715,20,21
2716,17,27
2717,17,18
2718,21,22
2719,3,3
2720,16,17
2721,9,15
2722,17,18
2723,4,4
2724,5,5
2725,13,13
2726,9,9
2727,14,14
2728,10,10
2729,6,9
2730,7,7
2731,10,10
2732,16,16
2733,13,13
2734,11,11
2735,12,12
2736,10,10
2737,14,15
2738,9,9
2739,4,4
2740,8,8
2741,6,6
2742,7,7
2743,8,8
2744,4,4
2745,14,14
2746,5,6
2747,16,17
2748,12,13
2749,6,6
2750,13,13
2751,12,13
2752,11,11
2753,4,4
2754,8,8
2755,15,17
2756,17,17
2757,13,13
2758,14,16
2759,10,10
2760,2,2
2761,11,12
2762,14,15
2763,21,22
2764,18,19
2765,21,23
2766,10,10
2767,16,16
2768,4,5
2769,7,7
2770,1,2
2771,12,12
2772,11,12
2773,7,7
2774,16,19
2775,12,12
2776,4,4
2777,14,15
2778,10,11
2779,17,18
2780,3,3
2781,24,25
2782,16,16
2783,9,9
2784,11,11
2785,7,7
2786,3,3
2787,8,8
2788,21,22
2789,24,24
2790,13,13
2791,5,5
2792,6,6
2793,12,12
2794,20,20
2795,10,10
2796,8,8
2797,4,4
2798,2,2
2799,4,5
2800,19,19
2801,14,14
2802,4,4
2803,45,47
2804,14,14
2805,9,9
2806,9,10
2807,11,11
2808,1,2
2809,17,17
2810,10,11
2811,8,8
2812,10,10
2813,5,6
2814,8,8
2815,3,4
2816,10,10
2817,14,14
2818,14,14
2819,19,20
2820,10,11
2821,14,14
2822,12,12
2823,13,13
2824,2,2
2825,12,13
2826,10,11
2827,19,19
2828,10,10
2829,16,16
2830,9,9
2831,10,10
2832,14,14
2833,14,14
2834,14,14
2835,16,16
2836,12,12
2837,12,12
2838,2,2
2839,10,10
2840,23,23
2841,8,8
2842,13,14
2843,10,10
2844,11,11
2845,20,20
2846,11,12
2847,15,15
2848,12,12
2849,12,12
2850,24,24
2851,23,23
2852,4,4
2853,6,6
2854,16,17
2855,9,9
2856,14,14
2857,9,9
2858,17,18
2859,12,12
2860,3,3
2861,16,16
2862,6,6
2863,9,9
2864,10,10
2865,11,11
2866,13,13
2867,10,10
2868,14,14
2869,10,10
2870,16,16
2871,12,12
2872,14,14
2873,14,15
2874,8,9
2875,9,9
2876,16,18
2877,10,11
2878,16,18
2879,12,14
2880,15,16
2881,15,16
2882,14,15
2883,16,17
2884,14,20
2885,16,17
2886,8,8
2887,8,8
2888,2,2
2889,9,9
2890,12,12
2891,5,5
2892,13,15
2893,4,4
2894,4,4
2895,27,38
2896,18,20
2897,6,6
2898,18,18
2899,14,14
2900,12,13
2901,13,13
2902,7,7
2903,8,8
2904,9,10
2905,9,10
2906,7,7
2907,1,2
2908,18,19
2909,2,5
2910,10,10
2911,10,10
2912,6,6
2913,13,13
2914,42,42
2915,14,15
2916,11,12
2917,11,12
2918,15,15
2919,23,24
2920,4,5
2921,21,21
2922,4,4
2923,16,16
2924,21,23
2925,10,16
2926,10,10
2927,12,12
2928,5,6
2929,16,16
2930,3,3
2931,10,10
2932,11,11
2933,3,4
2934,15,16
2935,6,6
2936,8,8
2937,9,9
2938,5,6
2939,9,10
2940,13,14
2941,6,6
2942,6,6
2943,13,13
2944,6,6
2945,10,10
2946,4,4
2947,4,4
2948,13,13
2949,6,6
2950,8,8
2951,24,24
2952,9,10
2953,8,8
2954,9,10
2955,16,16
2956,7,7
2957,12,13
2958,11,12
2959,6,6
2960,10,10
2961,9,9
2962,2,4
2963,8,8
2964,5,6
2965,8,9
2966,12,12
2967,12,12
2968,1,2
2969,15,16
2970,2,3
2971,12,13
2972,10,11
2973,4,4
2974,6,7
2975,19,20
2976,2,4
2977,14,15
2978,11,11
2979,12,13
2980,2,3
2981,1,2
2982,13,14
2983,18,20
2984,25,26
2985,12,13
2986,15,16
2987,10,14
2988,2,6
2989,7,7
2990,17,18
2991,19,20
2992,18,19
2993,12,13
2994,15,16
2995,13,14
2996,14,14
2997,13,14
2998,12,14
2999,32,34
3000,3,5
3001,19,21
3002,5,5
3003,13,16
3004,27,30
3005,13,15
3006,9,9
3007,18,20
3008,13,14
3009,15,17
3010,5,5
3011,15,16
3012,20,21
3013,12,15
3014,10,10
3015,10,10
3016,10,11
3017,7,7
3018,12,12
3019,9,11
3020,6,6
3021,17,19
3022,2,2
3023,6,6
3024,4,4
3025,7,8
3026,11,11
3027,9,9
3028,21,21
3029,22,22
3030,5,5
3031,28,28
3032,19,20
3033,10,11
3034,20,21
3035,19,20
3036,16,16
3037,19,20
3038,19,20
3039,12,12
3040,15,15
3041,21,21
3042,10,11
3043,22,23
3044,15,20
3045,19,20
3046,17,17
3047,13,13
3048,9,10
3049,16,17
3050,21,22
3051,4,4
3052,23,23
3053,6,6
3054,7,7
3055,2,3
3056,20,21
3057,17,17
3058,16,16
3059,21,22
3060,23,24
3061,17,18
3062,20,20
3063,14,17
3064,14,14
3065,12,13
3066,12,12
3067,18,18
3068,16,16
3069,12,13
3070,18,18
3071,13,13
3072,12,12
3073,19,20
3074,3,3
3075,23,23
3076,8,10
3077,17,18
3078,16,16
3079,24,25
3080,26,27
3081,2,2
3082,17,17
3083,3,4
3084,12,12
3085,4,6
3086,17,17
3087,20,20
3088,27,28
3089,20,22
3090,19,19
3091,17,17
3092,14,14
3093,16,16
3094,11,12
3095,15,15
3096,20,20
3097,21,21
3098,20,20
3099,11,12
3100,17,17
3101,18,18
3102,12,13
3103,16,16
3104,18,18
3105,16,17
3106,18,18
3107,7,8
3108,18,19
3109,5,5
3110,15,15
3111,14,17
3112,20,20
3113,20,20
3114,4,7
3115,17,17
3116,27,27
3117,8,9
3118,28,28
3119,7,7
3120,25,26
3121,8,8
3122,15,16
3123,13,13
3124,20,21
3125,18,18
3126,18,18
3127,11,11
3128,9,10
3129,16,17
3130,3,3
3131,22,23
3132,5,6
3133,8,10
3134,1,2
3135,8,8
3136,13,13
3137,11,11
3138,4,4
3139,20,21
3140,16,17
3141,14,15
3142,13,13
3143,8,8
3144,15,16
3145,22,22
3146,18,18
3147,17,18
3148,13,14
3149,8,8
3150,9,9
3151,9,9
3152,12,13
3153,12,13
3154,26,26
3155,16,16
3156,19,20
3157,15,15
3158,6,6
3159,14,14
3160,22,23
3161,19,20
3162,13,13
3163,16,17
3164,10,11
3165,14,15
3166,12,13
3167,13,14
3168,12,15
3169,15,15
3170,21,23
3171,13,14
3172,19,19
3173,19,19
3174,12,12
3175,22,23
3176,14,14
3177,16,18
3178,9,9
3179,8,8
3180,6,6
3181,3,3
3182,8,9
3183,6,6
3184,3,5
3185,5,5
3186,14,15
3187,3,3
3188,12,12
3189,3,4
3190,7,7
3191,27,27
3192,21,22
3193,4,4
3194,19,19
3195,6,7
3196,16,16
3197,15,16
3198,25,26
3199,30,31
3200,18,19
3201,17,18
3202,18,18
3203,30,30
3204,4,4
3205,12,15
3206,9,10
3207,4,4
3208,13,13
3209,3,3
3210,6,7
3211,10,10
3212,3,4
3213,20,20
3214,7,7
3215,7,7
3216,13,14
3217,11,11
3218,11,11
3219,6,6
3220,10,10
3221,3,3
3222,9,10
3223,8,9
3224,5,6
3225,11,12
3226,8,8
3227,6,6
3228,14,16
3229,6,6
3230,14,14
3231,10,12
3232,15,15
3233,14,14
3234,19,19
3235,6,6
3236,8,10
3237,13,14
3238,9,10
3239,9,10
3240,11,12
3241,11,11
3242,7,7
3243,8,8
3244,8,8
3245,5,5
3246,8,8
3247,10,11
3248,14,15
3249,9,10
3250,10,11
3251,7,7
3252,3,3
3253,17,17
3254,5,6
3255,22,22
3256,16,17
3257,19,19
3258,10,10
3259,5,5
3260,4,5
3261,13,14
3262,12,12
3263,9,10
3264,13,14
3265,15,15
3266,21,21
3267,5,6
3268,12,13
3269,15,16
3270,12,13
3271,17,18
3272,13,14
3273,18,19
3274,11,11
3275,8,9
3276,14,14
3277,12,12
3278,18,19
3279,14,15
3280,8,9
3281,6,6
3282,12,12
3283,7,7
3284,10,10
3285,5,5
3286,6,6
3287,5,6
3288,7,7
3289,8,8
3290,5,5
3291,9,10
3292,5,5
3293,7,8
3294,5,5
3295,16,16
3296,12,13
3297,13,13
3298,11,12
3299,5,5
3300,7,7
3301,5,6
3302,2,2
3303,7,7
3304,3,3
3305,4,4
3306,9,10
3307,16,16
3308,37,37
3309,7,8
3310,3,3
3311,2,4
3312,2,2
3313,8,8
3314,3,3
3315,4,4
3316,5,5
3317,13,14
3318,9,9
3319,2,2
3320,6,6
3321,16,17
3322,10,10
3323,2,3
3324,24,26
3325,13,14
3326,20,22
3327,16,16
3328,10,10
3329,21,21
3330,7,7
3331,3,4
3332,11,12
3333,16,16
3334,21,22
3335,18,19
3336,15,16
3337,8,8
3338,2,3
3339,5,6
3340,8,9
3341,2,2
3342,20,21
3343,5,5
3344,6,6
3345,15,16
3346,1,2
3347,13,15
3348,5,6
3349,12,12
3350,10,10
3351,3,3
3352,25,26
3353,6,7
3354,16,17
3355,18,18
3356,9,9
3357,10,11
3358,15,16
3359,17,18
3360,10,11
3361,10,11
3362,7,7
3363,2,2
3364,15,16
3365,8,8
3366,20,22
3367,16,17
3368,2,3
3369,7,7
3370,3,3
3371,4,4
3372,17,20
3373,1,5
3374,14,15
3375,17,18
3376,18,20
3377,4,4
3378,5,6
3379,13,13
3380,8,8
3381,10,10
3382,9,9
3383,7,8
3384,8,8
3385,7,7
3386,21,22
3387,7,7
3388,11,11
3389,10,10
3390,11,11
3391,13,13
3392,14,14
3393,9,9
3394,19,20
3395,8,8
3396,16,17
3397,2,2
3398,9,9
3399,22,22
3400,10,12
3401,24,25
3402,9,10
3403,12,26
3404,31,32
3405,13,14
3406,13,14
3407,16,16
3408,3,4
3409,20,21
3410,27,28
3411,16,16
3412,18,19
3413,25,26
3414,21,22
3415,20,22
3416,21,22
3417,11,14
3418,10,11
3419,17,20
3420,49,50
3421,25,26
3422,18,19
3423,16,16
3424,11,11
3425,6,6
3426,14,14
3427,13,13
3428,15,16
3429,21,21
3430,4,4
3431,19,21
3432,4,4
3433,13,13
3434,10,10
3435,8,10
3436,9,9
3437,22,23
3438,3,3
3439,10,10
3440,12,12
3441,2,2
3442,5,5
3443,4,4
3444,21,22
3445,20,20
3446,2,3
3447,6,6
3448,19,20
3449,10,10
3450,10,10
3451,8,9
3452,4,5
3453,16,18
3454,8,8
3455,11,11
3456,11,12
3457,9,9
3458,3,4
3459,13,13
3460,11,11
3461,4,4
3462,5,7
3463,2,3
3464,12,12
3465,14,14
3466,2,2
3467,16,17
3468,11,11
3469,9,9
3470,13,14
3471,19,20
3472,15,16
3473,10,11
3474,13,13
3475,10,10
3476,17,18
3477,4,4
3478,15,15
3479,7,8
3480,13,14
3481,8,8
3482,10,10
3483,5,6
3484,6,7
3485,7,7
3486,18,19
3487,16,16
3488,3,3
3489,5,5
3490,3,3
3491,7,7
3492,16,17
3493,4,4
3494,15,16
3495,5,5
3496,14,14
3497,6,6
3498,6,6
3499,8,10
3500,3,4
3501,11,14
3502,5,6
3503,7,7
3504,23,24
3505,16,18
3506,14,15
3507,8,8
3508,7,7
3509,14,14
3510,10,11
3511,12,12
3512,13,13
3513,10,10
3514,18,19
3515,18,18
3516,15,15
3517,10,10
3518,10,11
3519,9,10
3520,8,8
3521,7,8
3522,16,16
3523,9,9
3524,9,9
3525,11,12
3526,24,27
3527,12,13
3528,14,14
3529,3,4
3530,17,17
3531,14,14
3532,10,11
3533,16,16
3534,2,2
3535,14,15
3536,6,6
3537,8,8
3538,10,11
3539,8,8
3540,10,10
3541,7,7
3542,11,11
3543,11,11
3544,4,4
3545,12,13
3546,14,14
3547,12,13
3548,18,19
3549,25,30
3550,18,18
3551,12,13
3552,3,3
3553,15,16
3554,18,22
3555,15,16
3556,13,14
3557,20,20
3558,8,14
3559,4,4
3560,24,28
3561,17,18
3562,10,10
3563,7,7
3564,18,20
3565,21,22
3566,10,11
3567,17,18
3568,17,18
3569,6,6
3570,8,9
3571,3,12
3572,6,6
3573,2,2
3574,8,9
3575,21,22
3576,13,15
3577,13,13
3578,15,17
3579,4,5
3580,8,8
3581,16,18
3582,5,6
3583,13,16
3584,11,12
3585,7,8
3586,7,9
3587,13,14
3588,11,12
3589,14,15
3590,17,18
3591,5,6
3592,7,11
3593,18,18
3594,3,4
3595,19,20
3596,3,3
3597,9,10
3598,5,5
3599,13,14
3600,20,22
3601,11,14
3602,10,11
3603,6,6
3604,8,8
3605,8,10
3606,11,14
3607,14,16
3608,12,14
3609,18,18
3610,8,8
3611,7,7
3612,8,8
3613,4,4
3614,18,19
3615,16,16
3616,8,8
3617,9,9
3618,12,12
3619,16,17
3620,13,13
3621,2,2
3622,7,7
3623,3,4
3624,11,11
3625,15,15
3626,13,13
3627,12,12
3628,15,15
3629,14,14
3630,14,14
3631,12,12
3632,16,16
3633,17,18
3634,11,11
3635,9,9
3636,5,5
3637,8,8
3638,30,33
3639,8,8
3640,18,19
3641,13,14
3642,8,10
3643,21,22
3644,17,18
3645,6,6
3646,12,13
3647,12,12
3648,15,15
3649,12,13
3650,14,14
3651,11,11
3652,17,17
3653,16,16
3654,11,11
3655,14,14
3656,18,18
3657,20,20
3658,19,20
3659,16,17
3660,6,6
3661,20,23
3662,7,8
3663,7,8
3664,2,2
3665,3,4
3666,10,11
3667,9,10
3668,20,22
3669,9,9
3670,12,12
3671,18,18
3672,14,15
3673,15,16
3674,9,10
3675,19,20
3676,15,16
3677,6,6
3678,18,19
3679,10,10
3680,16,17
3681,4,5
3682,3,3
3683,14,16
3684,22,25
3685,16,17
3686,10,10
3687,5,5
3688,8,9
3689,2,3
3690,3,4
3691,12,12
3692,10,10
3693,11,11
3694,15,16
3695,5,5
3696,3,3
3697,8,8
3698,38,45
3699,32,34
3700,14,15
3701,20,23
3702,21,22
3703,8,8
3704,16,16
3705,15,16
3706,19,20
3707,6,8
3708,6,6
3709,17,17
3710,10,11
3711,9,10
3712,7,8
3713,14,17
3714,14,15
3715,15,17
3716,11,12
3717,16,17
3718,6,7
3719,10,12
3720,9,9
3721,9,10
3722,11,11
3723,10,10
3724,17,18
3725,9,10
3726,2,7
3727,15,16
3728,22,23
3729,13,14
3730,10,10
3731,13,14
3732,20,21
3733,13,14
3734,16,16
3735,9,10
3736,13,14
3737,6,7
3738,16,17
3739,16,18
3740,9,9
3741,14,15
3742,17,18
3743,11,12
3744,21,22
3745,18,18
3746,17,17
3747,23,23
3748,15,16
3749,5,5
3750,12,12
3751,14,15
3752,14,14
3753,11,12
3754,14,15
3755,4,4
3756,19,19
3757,9,12
3758,5,5
3759,15,15
3760,7,7
3761,19,21
3762,19,20
3763,11,12
3764,8,16
3765,12,13
3766,23,25
3767,3,3
3768,4,4
3769,8,8
3770,15,16
3771,8,8
3772,2,2
3773,8,8
3774,14,14
3775,18,19
3776,20,20
3777,14,14
3778,14,15
3779,5,6
3780,4,4
3781,16,17
3782,14,14
3783,13,14
3784,8,9
3785,12,13
3786,12,13
3787,9,10
3788,11,12
3789,24,24
3790,14,15
3791,18,20
3792,8,8
3793,14,14
3794,15,16
3795,18,19
3796,13,14
3797,7,8
3798,12,13
3799,5,5
3800,15,15
3801,11,13
3802,6,6
3803,14,16
3804,10,10
3805,15,15
3806,32,33
3807,13,14
3808,12,12
3809,7,7
3810,19,21
3811,16,16
3812,8,9
3813,22,22
3814,14,14
3815,20,24
3816,13,13
3817,16,17
3818,18,19
3819,10,10
3820,18,18
3821,13,14
3822,6,6
3823,7,7
3824,6,6
3825,15,16
3826,13,13
3827,12,12
3828,13,14
3829,13,14
3830,10,10
3831,11,11
3832,12,12
3833,14,15
3834,10,10
3835,33,34
3836,13,13
3837,10,10
3838,13,14
3839,14,14
3840,7,8
3841,12,13
3842,10,10
3843,6,6
3844,16,17
3845,6,6
3846,10,12
3847,17,17
3848,14,16
3849,16,16
3850,15,16
3851,8,9
3852,19,20
3853,5,6
3854,12,12
3855,2,2
3856,12,15
3857,16,16
3858,19,19
3859,15,16
3860,12,12
3861,16,17
3862,6,6
3863,15,15
3864,10,10
3865,4,4
3866,5,5
3867,17,18
3868,12,12
3869,9,11
3870,12,12
3871,4,4
3872,14,15
3873,6,7
3874,14,15
3875,17,18
3876,11,12
3877,7,7
3878,4,5
3879,9,10
3880,12,13
3881,8,8
3882,18,18
3883,14,15
3884,3,3
3885,8,12
3886,15,15
3887,13,14
3888,11,11
3889,16,16
3890,13,14
3891,4,4
3892,10,10
3893,23,23
3894,13,14
3895,10,11
3896,14,16
3897,16,17
3898,15,16
3899,10,12
3900,8,15
3901,10,10
3902,3,3
3903,7,7
3904,20,21
3905,7,7
3906,14,14
3907,12,13
3908,15,15
3909,13,14
3910,4,6
3911,2,2
3912,18,20
3913,12,13
3914,12,12
3915,7,7
3916,8,8
3917,7,8
3918,15,17
3919,4,4
3920,17,18
3921,4,4
3922,7,7
3923,5,5
3924,7,7
3925,6,6
3926,11,12
3927,16,17
3928,5,5
3929,5,5
3930,7,8
3931,6,8
3932,9,10
3933,29,32
3934,27,30
3935,14,16
3936,8,8
3937,5,5
3938,21,22
3939,22,24
3940,14,14
3941,2,2
3942,22,24
3943,14,14
3944,14,17
3945,17,18
3946,19,19
3947,24,26
3948,1,2
3949,15,15
3950,16,17
3951,2,3
3952,13,14
3953,11,12
3954,14,14
3955,7,7
3956,10,10
3957,11,12
3958,6,9
3959,13,15
3960,3,5
3961,13,13
3962,11,12
3963,13,14
3964,8,9
3965,14,16
3966,13,14
3967,14,16
3968,9,10
3969,12,13
3970,16,17
3971,11,12
3972,4,4
3973,3,3
3974,12,14
3975,3,3
3976,20,20
3977,9,10
3978,18,20
3979,9,9
3980,9,9
3981,17,18
3982,15,16
3983,17,18
3984,18,18
3985,10,12
3986,4,4
3987,2,2
3988,22,24
3989,16,16
3990,10,11
3991,13,14
3992,21,22
3993,14,14
3994,5,6
3995,18,19
3996,9,10
3997,16,17
3998,24,24
3999,18,18
4000,20,23
4001,3,5
4002,11,13
4003,24,25
4004,17,19
4005,24,25
4006,7,9
4007,8,8
4008,22,22
4009,22,23
4010,2,2
4011,5,6
4012,2,2
4013,15,16
4014,20,21
4015,6,7
4016,17,17
4017,4,4
4018,4,4
4019,11,12
4020,13,14
4021,7,8
4022,8,8
4023,4,5
4024,21,22
4025,24,25
4026,16,18
4027,16,16
4028,18,19
4029,17,17
4030,28,30
4031,14,14
4032,14,14
4033,5,5
4034,25,26
4035,13,13
4036,11,11
4037,14,14
4038,9,9
4039,25,27
4040,17,18
4041,20,21
4042,29,31
4043,20,21
4044,20,22
4045,14,14
4046,6,6
4047,21,22
4048,13,14
4049,24,25
4050,15,15
4051,4,4
4052,4,4
4053,3,3
4054,5,5
4055,14,14
4056,11,14
4057,14,15
4058,15,16
4059,15,16
4060,17,17
4061,12,12
4062,3,4
4063,11,11
4064,18,18
4065,18,18
4066,8,8
4067,12,12
4068,7,7
4069,12,13
4070,2,4
4071,16,16
4072,10,10
4073,12,13
4074,15,16
4075,14,14
4076,7,8
4077,6,6
4078,12,12
4079,14,15
4080,13,14
4081,4,6
4082,9,10
4083,10,10
4084,21,22
4085,8,8
4086,5,10
4087,15,17
4088,17,18
4089,10,10
4090,17,18
4091,2,3
4092,9,10
4093,13,15
4094,13,13
4095,12,13
4096,4,5
4097,13,16
4098,20,21
4099,10,11
4100,4,4
4101,15,16
4102,1,2
4103,10,10
4104,6,6
4105,6,6
4106,17,18
4107,8,8
4108,12,12
4109,9,9
4110,9,9
4111,3,3
4112,7,7
4113,8,8
4114,10,10
4115,20,22
4116,7,8
4117,7,7
4118,2,2
4119,4,4
4120,2,2
4121,25,28
4122,22,22
4123,12,13
4124,17,18
4125,2,3
4126,21,22
4127,29,32
4128,16,17
4129,16,21
4130,3,4
4131,4,4
4132,12,14
4133,9,9
4134,13,13
4135,23,23
4136,2,2
4137,5,5
4138,17,18
4139,16,16
4140,7,7
4141,19,20
4142,17,19
4143,15,16
4144,14,15
4145,11,12
4146,14,17
4147,19,23
4148,5,5
4149,16,18
4150,22,22
4151,7,7
4152,5,6
4153,11,12
4154,21,22
4155,20,21
4156,10,11
4157,4,6
4158,13,14
4159,17,19
4160,7,8
4161,16,17
4162,13,13
4163,9,9
4164,24,26
4165,22,24
4166,8,8
4167,17,18
4168,20,21
4169,12,13
4170,3,4
4171,19,20
4172,3,3
4173,15,15
4174,8,9
4175,19,20
4176,7,8
4177,14,16
4178,17,17
4179,6,6
4180,14,16
4181,21,22
4182,16,16
4183,15,15
4184,6,6
4185,11,15
4186,15,20
4187,18,19
4188,18,19
4189,18,22
4190,19,20
4191,7,7
4192,15,15
4193,12,14
4194,13,13
4195,3,4
4196,4,4
4197,6,7
4198,23,26
4199,12,13
4200,11,11
4201,19,20
4202,19,22
4203,7,9
4204,15,15
4205,18,18
4206,16,16
4207,17,19
4208,13,15
4209,26,28
4210,9,10
4211,12,15
4212,17,18
4213,4,4
4214,17,18
4215,21,22
4216,20,21
4217,17,18
4218,7,8
4219,14,15
4220,7,8
4221,20,20
4222,7,8
4223,11,12
4224,16,17
4225,13,13
4226,12,14
4227,14,18
4228,9,10
4229,18,19
4230,8,8
4231,8,16
4232,3,3
4233,23,26
4234,16,19
4235,8,9
4236,5,6
4237,7,7
4238,13,15
4239,20,21
4240,19,22
4241,13,13
4242,18,18
4243,9,9
4244,12,14
4245,5,5
4246,8,8
4247,14,14
4248,17,18
4249,3,3
4250,8,8
4251,10,10
4252,1,2
4253,7,7
4254,5,5
4255,6,6
4256,19,19
4257,7,8
4258,6,7
4259,18,18
4260,11,11
4261,8,9
4262,12,12
4263,3,4
4264,19,19
4265,12,13
4266,10,11
4267,12,13
4268,6,6
4269,16,16
4270,16,18
4271,16,16
4272,6,6
4273,12,12
4274,9,9
4275,19,20
4276,5,5
4277,2,2
4278,18,19
4279,6,6
4280,12,12
4281,9,10
4282,29,30
4283,11,11
4284,10,10
4285,8,8
4286,7,7
4287,5,5
4288,4,4
4289,15,15
4290,14,14
4291,8,8
4292,16,16
4293,3,3
4294,14,14
4295,10,11
4296,3,4
4297,14,14
4298,11,12
4299,16,17
4300,15,16
4301,7,8
4302,3,3
4303,18,18
4304,2,2
4305,2,2
4306,13,13
4307,19,21
4308,10,11
4309,8,8
4310,3,3
4311,15,15
4312,12,13
4313,2,2
4314,10,12
4315,10,10
4316,13,14
4317,7,7
4318,14,15
4319,12,12
4320,7,7
4321,3,3
4322,14,16
4323,16,16
4324,17,18
4325,10,11
4326,29,32
4327,2,4
4328,17,18
4329,21,21
4330,7,7
4331,4,5
4332,12,14
4333,7,8
4334,7,8
4335,20,20
4336,4,5
4337,19,21
4338,12,12
4339,3,3
4340,13,14
4341,20,21
4342,24,27
4343,16,18
4344,21,22
4345,3,3
4346,16,17
4347,14,15
4348,17,18
4349,4,4
4350,5,5
4351,13,13
4352,8,9
4353,13,14
4354,10,10
4355,7,9
4356,7,7
4357,10,10
4358,16,16
4359,13,13
4360,11,11
4361,12,12
4362,10,10
4363,14,15
4364,9,9
4365,4,4
4366,8,8
4367,6,6
4368,7,7
4369,8,8
4370,3,4
4371,14,14
4372,6,6
4373,16,17
4374,13,13
4375,6,6
4376,12,13
4377,13,13
4378,10,11
4379,3,4
4380,8,8
4381,17,17
4382,16,17
4383,12,13
4384,15,16
4385,9,10
4386,2,2
4387,12,12
4388,14,15
4389,20,22
4390,18,19
4391,22,23
4392,10,10
4393,16,16
4394,5,5
4395,7,7
4396,2,2
4397,12,12
4398,11,12
4399,7,7
4400,18,19
4401,11,12
4402,4,4
4403,15,15
4404,9,11
4405,17,18
4406,2,3
4407,25,25
4408,16,16
4409,8,9
4410,11,11
4411,6,7
4412,3,3
4413,8,8
4414,19,22
4415,24,24
4416,12,13
4417,4,5
4418,5,6
4419,11,12
4420,20,20
4421,10,10
4422,8,8
4423,4,4
4424,2,2
4425,5,5
4426,17,19
4427,14,14
4428,4,4
4429,46,47
4430,14,14
4431,8,9
4432,9,10
4433,11,11
4434,1,2
4435,16,17
4436,11,11
4437,8,8
4438,10,10
4439,6,6
4440,8,8
4441,4,4
4442,9,10
4443,13,14
4444,13,14
4445,19,20
4446,11,11
4447,13,14
4448,12,12
4449,13,13
4450,1,2
4451,12,13
4452,11,11
4453,19,19
4454,9,10
4455,15,16
4456,8,9
4457,9,10
4458,14,14
4459,14,14
4460,14,14
4461,16,16
4462,12,12
4463,12,12
4464,2,2
4465,10,10
4466,20,23
4467,8,8
4468,14,14
4469,10,10
4470,10,11
4471,20,20
4472,12,12
4473,15,15
4474,11,12
4475,11,12
4476,23,24
4477,22,23
4478,4,4
4479,6,6
4480,16,17
4481,9,9
4482,13,14
4483,9,9
4484,17,18
4485,11,12
4486,3,3
4487,16,16
4488,6,6
4489,9,9
4490,10,10
4491,11,11
4492,13,13
4493,9,10
4494,13,14
4495,9,10
4496,16,16
4497,11,12
4498,13,14
4499,15,15
4500,8,9
4501,9,9
4502,17,18
4503,11,11
4504,17,18
4505,9,14
4506,14,16
4507,12,16
4508,15,15
4509,16,17
4510,19,20
4511,16,17
4512,8,8
4513,7,8
4514,2,2
4515,9,9
4516,12,12
4517,5,5
4518,14,15
4519,4,4
4520,4,4
4521,38,38
4522,20,20
4523,6,6
4524,16,18
4525,14,14
4526,13,13
4527,12,13
4528,7,7
4529,7,8
4530,10,10
4531,9,10
4532,7,7
4533,1,2
4534,18,19
4535,4,5
4536,10,10
4537,10,10
4538,6,6
4539,13,13
4540,41,42
4541,14,15
4542,12,12
4543,12,12
4544,14,15
4545,23,24
4546,5,5
4547,20,21
4548,4,4
4549,16,16
4550,19,23
4551,16,16
4552,9,10
4553,12,12
4554,5,6
4555,15,16
4556,3,3
4557,10,10
4558,10,11
4559,3,4
4560,15,16
4561,6,6
4562,8,8
4563,9,9
4564,5,6
4565,10,10
4566,14,14
4567,6,6
4568,6,6
4569,12,13
4570,5,6
4571,10,10
4572,4,4
4573,4,4
4574,13,13
4575,6,6
4576,8,8
4577,24,24
4578,10,10
4579,8,8
4580,10,10
4581,15,16
4582,7,7
4583,13,13
4584,11,12
4585,6,6
4586,9,10
4587,9,9
4588,3,4
4589,8,8
4590,6,6
4591,9,9
4592,11,12
4593,11,12
4594,1,2
4595,16,16
4596,2,3
4597,13,13
4598,10,11
4599,4,4
4600,7,7
4601,19,20
4602,3,4
4603,14,15
4604,10,11
4605,13,13
4606,3,3
4607,1,2
4608,13,14
4609,18,20
4610,23,26
4611,12,13
4612,15,16
4613,11,14
4614,5,6
4615,7,7
4616,17,18
4617,19,20
4618,19,19
4619,12,13
4620,15,16
4621,14,14
4622,11,14
4623,14,14
4624,13,14
4625,32,34
4626,3,5
4627,20,21
4628,5,5
4629,15,16
4630,29,30
4631,14,15
4632,8,9
4633,19,20
4634,13,14
4635,16,17
4636,4,5
4637,15,16
4638,20,21
4639,13,15
4640,10,10
4641,10,10
4642,11,11
4643,6,7
4644,11,12
4645,11,11
4646,6,6
4647,14,19
4648,2,2
4649,6,6
4650,4,4
4651,8,8
4652,11,11
4653,8,9
4654,20,21
4655,14,22
4656,5,5
4657,27,28
4658,19,20
4659,10,11
4660,20,21
4661,19,20
4662,15,16
4663,20,20
4664,19,20
4665,11,12
4666,14,15
4667,20,21
4668,10,11
4669,22,23
4670,8,20
4671,17,20
4672,16,17
4673,12,13
4674,8,10
4675,17,17
4676,19,22
4677,4,4
4678,23,23
4679,5,6
4680,7,7
4681,2,3
4682,20,21
4683,16,17
4684,16,16
4685,22,22
4686,22,24
4687,17,18
4688,20,20
4689,13,17
4690,14,14
4691,13,13
4692,12,12
4693,18,18
4694,16,16
4695,12,13
4696,18,18
4697,13,13
4698,12,12
4699,18,20
4700,3,3
4701,22,23
4702,10,10
4703,15,18
4704,16,16
4705,24,25
4706,26,27
4707,2,2
4708,15,17
4709,2,4
4710,12,12
4711,4,6
4712,17,17
4713,19,20
4714,27,28
4715,20,22
4716,18,19
4717,17,17
4718,14,14
4719,15,16
4720,11,12
4721,14,15
4722,20,20
4723,21,21
4724,20,20
4725,12,12
4726,15,17
4727,17,18
4728,10,13
4729,15,16
4730,17,18
4731,16,17
4732,18,18
4733,7,8
4734,18,19
4735,4,5
4736,14,15
4737,16,17
4738,19,20
4739,17,20
4740,5,7
4741,17,17
4742,26,27
4743,9,9
4744,28,28
4745,6,7
4746,26,26
4747,8,8
4748,15,16
4749,13,13
4750,20,21
4751,18,18
4752,18,18
4753,11,11
4754,10,10
4755,16,17
4756,3,3
4757,21,23
4758,5,6
4759,9,10
4760,2,2
4761,7,8
4762,12,13
4763,11,11
4764,4,4
4765,20,21
4766,17,17
4767,13,15
4768,13,13
4769,8,8
4770,15,16
4771,22,22
4772,17,18
4773,17,18
4774,14,14
4775,8,8
4776,9,9
4777,9,9
4778,13,13
4779,12,13
4780,26,26
4781,15,16
4782,17,20
4783,15,15
4784,6,6
4785,12,14
4786,23,23
4787,20,20
4788,12,13
4789,15,17
4790,10,11
4791,12,15
4792,13,13
4793,13,14
4794,10,15
4795,15,15
4796,21,23
4797,13,14
4798,19,19
4799,19,19
4800,12,12
4801,21,23
4802,14,14
4803,15,18
4804,9,9
4805,8,8
4806,6,6
4807,3,3
4808,9,9
4809,6,6
4810,4,5
4811,5,5
4812,14,15
4813,3,3
4814,12,12
4815,3,4
4816,7,7
4817,27,27
4818,21,22
4819,4,4
4820,18,19
4821,4,7
4822,16,16
4823,16,16
4824,25,26
4825,30,31
4826,19,19
4827,18,18
4828,18,18
4829,30,30
4830,4,4
4831,14,15
4832,9,10
4833,4,4
4834,13,13
4835,3,3
4836,7,7
4837,10,10
4838,4,4
4839,19,20
4840,7,7
4841,7,7
4842,14,14
4843,11,11
4844,11,11
4845,6,6
4846,10,10
4847,3,3
4848,10,10
4849,9,9
4850,5,6
4851,11,12
4852,7,8
4853,6,6
4854,14,16
4855,6,6
4856,14,14
4857,11,12
4858,15,15
4859,13,14
4860,19,19
4861,6,6
4862,7,10
4863,10,14
4864,10,10
4865,9,10
4866,12,12
4867,11,11
4868,7,7
4869,8,8
4870,8,8
4871,5,5
4872,8,8
4873,11,11
4874,15,15
4875,10,10
4876,11,11
4877,7,7
4878,3,3
4879,16,17
4880,5,6
4881,21,22
4882,16,17
4883,19,19
4884,10,10
4885,5,5
4886,4,5
4887,13,14
4888,12,12
4889,10,10
4890,14,14
4891,15,15
4892,21,21
4893,6,6
4894,12,13
4895,15,16
4896,13,13
4897,17,18
4898,14,14
4899,19,19
4900,11,11
4901,8,9
4902,14,14
4903,12,12
4904,18,19
4905,15,15
4906,9,9
4907,6,6
4908,12,12
4909,7,7
4910,10,10
4911,5,5
4912,6,6
4913,6,6
4914,7,7
4915,7,8
4916,5,5
4917,10,10
4918,5,5
4919,8,8
4920,4,5
4921,16,16
4922,12,13
4923,13,13
4924,12,12
4925,5,5
4926,7,7
4927,5,6
4928,2,2
4929,7,7
4930,3,3
4931,4,4
4932,10,10
4933,15,16
4934,36,37
4935,6,8
4936,3,3
4937,4,4
4938,2,2
4939,8,8
4940,3,3
4941,4,4
4942,5,5
4943,14,14
4944,9,9
4945,2,2
4946,6,6
4947,16,17
4948,9,10
4949,3,3
4950,25,26
4951,14,14
4952,21,22
4953,15,16
4954,10,10
4955,20,21
4956,6,7
4957,3,4
4958,12,12
4959,15,16
4960,21,22
4961,18,19
4962,15,16
4963,8,8
4964,1,3
4965,5,6
4966,8,9
4967,2,2
4968,20,21
4969,5,5
4970,5,6
4971,15,16
4972,1,2
4973,14,15
4974,6,6
4975,12,12
4976,10,10
4977,3,3
4978,24,26
4979,7,7
4980,16,17
4981,17,18
4982,9,9
4983,10,11
4984,15,16
4985,17,18
4986,11,11
4987,11,11
4988,7,7
4989,2,2
4990,15,16
4991,8,8
4992,22,22
4993,16,17
4994,2,3
4995,7,7
4996,2,3
4997,4,4
4998,18,20
4999,3,5
5000,14,15
5001,17,18
5002,18,20
5003,3,4
5004,5,6
5005,13,13
5006,8,8
5007,9,10
5008,9,9
5009,8,8
5010,8,8
5011,7,7
5012,18,22
5013,7,7
5014,11,11
5015,9,10
5016,11,11
5017,13,13
5018,13,14
5019,9,9
5020,19,20
5021,8,8
5022,16,17
5023,2,2
5024,9,9
5025,20,22
5026,11,12
5027,23,25
5028,10,10
5029,24,26
5030,31,32
5031,12,14
5032,14,14
5033,14,16
5034,3,4
5035,20,21
5036,28,28
5037,16,16
5038,18,19
5039,25,26
5040,22,22
5041,21,22
5042,22,22
5043,13,14
5044,10,11
5045,18,20
5046,48,50
5047,22,26
5048,18,19
5049,15,16
5050,11,11
5051,6,6
5052,13,14
5053,12,13
5054,15,16
5055,20,21
5056,4,4
5057,21,21
5058,3,4
5059,12,13
5060,10,10
5061,9,10
5062,9,9
5063,22,23
5064,3,3
5065,10,10
5066,12,12
5067,2,2
5068,4,5
5069,4,4
5070,20,22
5071,20,20
5072,3,3
5073,6,6
5074,20,20
5075,8,10
5076,9,10
5077,9,9
5078,5,5
5079,17,18
5080,8,8
5081,11,11
5082,12,12
5083,8,9
5084,3,4
5085,13,13
5086,10,11
5087,4,4
5088,5,7
5089,3,3
5090,12,12
5091,14,14
5092,2,2
5093,17,17
5094,10,11
5095,8,9
5096,14,14
5097,19,20
5098,15,16
5099,11,11
5100,13,13
5101,9,10
5102,18,18
5103,4,4
5104,14,15
5105,7,8
5106,14,14
5107,8,8
5108,10,10
5109,6,6
5110,7,7
5111,7,7
5112,18,19
5113,16,16
5114,3,3
5115,5,5
5116,3,3
5117,7,7
5118,16,17
5119,4,4
5120,15,16
5121,4,5
5122,14,14
5123,5,6
5124,6,6
5125,8,10
5126,3,4
5127,12,14
5128,6,6
5129,7,7
5130,23,24
5131,17,18
5132,14,15
5133,7,8
5134,7,7
5135,14,14
5136,10,11
5137,10,12
5138,12,13
5139,10,10
5140,18,19
5141,17,18
5142,15,15
5143,9,10
5144,11,11
5145,10,10
5146,8,8
5147,7,8
5148,16,16
5149,9,9
5150,9,9
5151,10,12
5152,24,27
5153,13,13
5154,14,14
5155,4,4
5156,17,17
5157,14,14
5158,8,11
5159,15,16
5160,2,2
5161,15,15
5162,6,6
5163,8,8
5164,10,11
5165,8,8
5166,10,10
5167,7,7
5168,10,11
5169,11,11
5170,3,4
5171,13,13
5172,14,14
5173,13,13
5174,18,19
5175,27,30
5176,17,18
5177,12,13
5178,3,3
5179,15,16
5180,21,22
5181,13,16
5182,12,14
5183,20,20
5184,10,14
5185,4,4
5186,13,28
5187,16,18
5188,9,10
5189,7,7
5190,18,20
5191,22,22
5192,11,11
5193,16,18
5194,17,18
5195,6,6
5196,9,9
5197,9,12
5198,6,6
5199,2,2
5200,9,9
5201,21,22
5202,15,15
5203,11,13
5204,17,17
5205,5,5
5206,7,8
5207,17,18
5208,5,6
5209,15,16
5210,11,12
5211,4,8
5212,7,9
5213,13,14
5214,12,12
5215,13,15
5216,17,18
5217,6,6
5218,10,11
5219,16,18
5220,3,4
5221,19,20
5222,3,3
5223,9,10
5224,5,5
5225,14,14
5226,22,22
5227,10,14
5228,10,11
5229,6,6
5230,8,8
5231,8,10
5232,8,14
5233,14,16
5234,13,14
5235,18,18
5236,7,8
5237,7,7
5238,8,8
5239,3,4
5240,18,19
5241,16,16
5242,7,8
5243,9,9
5244,11,12
5245,16,17
5246,13,13
5247,2,2
5248,6,7
5249,3,4
5250,11,11
5251,14,15
5252,13,13
5253,12,12
5254,15,15
5255,14,14
5256,13,14
5257,12,12
5258,16,16
5259,18,18
5260,11,11
5261,9,9
5262,5,5
5263,8,8
5264,28,33
5265,8,8
5266,19,19
5267,14,14
5268,9,10
5269,21,22
5270,16,18
5271,6,6
5272,12,13
5273,12,12
5274,13,15
5275,13,13
5276,13,14
5277,11,11
5278,16,17
5279,16,16
5280,11,11
5281,14,14
5282,18,18
5283,19,20
5284,20,20
5285,17,17
5286,6,6
5287,19,23
5288,7,8
5289,6,8
5290,2,2
5291,4,4
5292,11,11
5293,10,10
5294,20,22
5295,9,9
5296,12,12
5297,18,18
5298,15,15
5299,16,16
5300,7,10
5301,17,20
5302,15,16
5303,5,6
5304,18,19
5305,9,10
5306,16,17
5307,5,5
5308,3,3
5309,15,16
5310,21,25
5311,16,17
5312,10,10
5313,5,5
5314,8,9
5315,3,3
5316,3,4
5317,12,12
5318,9,10
5319,11,11
5320,15,16
5321,5,5
5322,3,3
5323,7,8
5324,40,45
5325,34,34
5326,13,15
5327,20,23
5328,20,22
5329,8,8
5330,16,16
5331,16,16
5332,20,20
5333,8,8
5334,6,6
5335,17,17
5336,11,11
5337,9,10
5338,8,8
5339,6,17
5340,14,15
5341,15,17
5342,11,12
5343,16,17
5344,6,7
5345,11,12
5346,9,9
5347,10,10
5348,11,11
5349,9,10
5350,17,18
5351,9,10
5352,4,7
5353,16,16
5354,22,23
5355,13,14
5356,10,10
5357,13,14
5358,20,21
5359,13,14
5360,16,16
5361,10,10
5362,13,14
5363,6,7
5364,16,17
5365,17,18
5366,9,9
5367,14,15
5368,18,18
5369,11,12
5370,21,22
5371,17,18
5372,17,17
5373,22,23
5374,15,16
5375,5,5
5376,12,12
5377,14,15
5378,13,14
5379,11,12
5380,15,15
5381,4,4
5382,19,19
5383,9,12
5384,5,5
5385,15,15
5386,6,7
5387,20,21
5388,19,20
5389,11,12
5390,13,16
5391,12,13
5392,23,25
5393,3,3
5394,4,4
5395,8,8
5396,15,16
5397,8,8
5398,2,2
5399,7,8
5400,14,14
5401,19,19
5402,19,20
5403,13,14
5404,15,15
5405,5,6
5406,4,4
5407,16,17
5408,13,14
5409,13,14
5410,8,9
5411,12,13
5412,12,13
5413,10,10
5414,12,12
5415,21,24
5416,11,15
5417,19,20
5418,8,8
5419,11,14
5420,16,16
5421,18,19
5422,13,14
5423,8,8
5424,12,13
5425,5,5
5426,13,15
5427,11,13
5428,6,6
5429,15,16
5430,10,10
5431,14,15
5432,33,33
5433,10,14
5434,11,12
5435,6,7
5436,20,21
5437,16,16
5438,9,9
5439,22,22
5440,14,14
5441,19,24
5442,13,13
5443,14,17
5444,16,19
5445,9,10
5446,17,18
5447,14,14
5448,6,6
5449,7,7
5450,6,6
5451,16,16
5452,13,13
5453,12,12
5454,14,14
5455,14,14
5456,10,10
5457,11,11
5458,12,12
5459,15,15
5460,10,10
5461,34,34
5462,12,13
5463,10,10
5464,13,14
5465,11,14
5466,7,8
5467,12,13
5468,10,10
5469,6,6
5470,17,17
5471,6,6
5472,11,12
5473,17,17
5474,15,16
5475,16,16
5476,13,16
5477,8,9
5478,19,20
5479,6,6
5480,12,12
5481,2,2
5482,12,15
5483,16,16
5484,19,19
5485,15,16
5486,12,12
5487,17,17
5488,6,6
5489,15,15
5490,10,10
5491,4,4
5492,4,5
5493,17,18
5494,12,12
5495,10,11
5496,12,12
5497,4,4
5498,14,15
5499,7,7
5500,14,15
5501,17,18
5502,11,12
5503,7,7
5504,5,5
5505,10,10
5506,13,13
5507,8,8
5508,17,18
5509,14,15
5510,3,3
5511,9,12
5512,15,15
5513,14,14
5514,11,11
5515,16,16
5516,14,14
5517,4,4
5518,10,10
5519,23,23
5520,13,14
5521,11,11
5522,15,16
5523,15,17
5524,15,16
5525,11,12
5526,13,15
5527,10,10
5528,3,3
5529,7,7
5530,20,21
5531,7,7
5532,14,14
5533,13,13
5534,14,15
5535,14,14
5536,6,6
5537,2,2
5538,15,20
5539,13,13
5540,12,12
5541,7,7
5542,8,8
5543,7,8
5544,16,17
5545,4,4
5546,18,18
5547,3,4
5548,7,7
5549,5,5
5550,7,7
5551,6,6
5552,12,12
5553,15,17
5554,5,5
5555,5,5
5556,8,8
5557,8,8
5558,10,10
5559,27,32
5560,29,30
5561,15,16
5562,8,8
5563,5,5
5564,22,22
5565,20,24
5566,14,14
5567,2,2
5568,23,24
5569,13,14
5570,16,17
5571,16,18
5572,18,19
5573,24,26
5574,1,2
5575,13,15
5576,15,17
5577,3,3
5578,14,14
5579,11,12
5580,13,14
5581,7,7
5582,10,10
5583,11,12
5584,9,9
5585,14,15
5586,4,5
5587,12,13
5588,11,12
5589,14,14
5590,8,9
5591,14,16
5592,13,14
5593,14,16
5594,9,10
5595,12,13
5596,16,17
5597,12,12
5598,4,4
5599,2,3
5600,11,14
5601,3,3
5602,20,20
5603,10,10
5604,18,20
5605,9,9
5606,7,9
5607,16,18
5608,13,16
5609,16,18
5610,14,18
5611,11,12
5612,4,4
5613,2,2
5614,21,24
5615,15,16
5616,11,11
5617,14,14
5618,20,22
5619,13,14
5620,4,6
5621,18,19
5622,10,10
5623,16,17
5624,23,24
5625,17,18
5626,18,23
5627,3,5
5628,13,13
5629,23,25
5630,17,19
5631,24,25
5632,9,9
5633,7,8
5634,20,22
5635,21,23
5636,2,2
5637,5,6
5638,2,2
5639,15,16
5640,20,21
5641,7,7
5642,16,17
5643,4,4
5644,4,4
5645,12,12
5646,14,14
5647,8,8
5648,7,8
5649,4,5
5650,20,22
5651,24,25
5652,17,18
5653,15,16
5654,19,19
5655,17,17
5656,27,30
5657,14,14
5658,14,14
5659,4,5
5660,25,26
5661,13,13
5662,11,11
5663,14,14
5664,9,9
5665,24,27
5666,16,18
5667,20,21
5668,29,31
5669,21,21
5670,22,22
5671,13,14
5672,6,6
5673,22,22
5674,13,14
5675,25,25
5676,14,15
5677,3,4
5678,4,4
5679,3,3
5680,5,5
5681,13,14
5682,13,14
5683,14,15
5684,16,16
5685,15,16
5686,16,17
5687,11,12
5688,3,4
5689,11,11
5690,17,18
5691,18,18
5692,8,8
5693,12,12
5694,7,7
5695,13,13
5696,3,4
5697,16,16
5698,9,10
5699,11,13
5700,15,16
5701,14,14
5702,7,8
5703,6,6
5704,11,12
5705,14,15
5706,12,14
5707,5,6
5708,10,10
5709,10,10
5710,20,22
5711,8,8
5712,10,10
5713,15,17
5714,17,18
5715,9,10
5716,16,18
5717,2,3
5718,10,10
5719,11,15
5720,12,13
5721,13,13
5722,5,5
5723,16,16
5724,20,21
5725,11,11
5726,3,4
5727,15,16
5728,1,2
5729,9,10
5730,6,6
5731,6,6
5732,16,18
5733,8,8
5734,11,12
5735,8,9
5736,9,9
5737,3,3
5738,7,7
5739,8,8
5740,10,10
5741,21,22
5742,8,8
5743,7,7
5744,1,2
5745,4,4
5746,2,2
5747,26,28
5748,21,22
5749,12,13
5750,18,18
5751,3,3
5752,22,22
5753,31,32
5754,16,17
5755,19,21
5756,2,4
5757,3,4
5758,11,14
5759,8,9
5760,12,13
5761,23,23
5762,2,2
5763,5,5
5764,17,18
5765,16,16
5766,7,7
5767,19,20
5768,17,19
5769,15,16
5770,14,15
5771,11,12
5772,17,17
5773,21,23
5774,5,5
5775,16,18
5776,21,22
5777,7,7
5778,5,6
5779,12,12
5780,22,22
5781,20,21
5782,10,11
5783,5,6
5784,14,14
5785,18,19
5786,8,8
5787,16,17
5788,12,13
5789,9,9
5790,25,26
5791,22,24
5792,8,8
5793,17,18
5794,20,21
5795,12,13
5796,4,4
5797,19,20
5798,3,3
5799,14,15
5800,9,9
5801,18,20
5802,7,8
5803,15,16
5804,16,17
5805,6,6
5806,12,16
5807,20,22
5808,16,16
5809,14,15
5810,6,6
5811,13,15
5812,19,20
5813,17,19
5814,19,19
5815,15,22
5816,19,20
5817,6,7
5818,14,15
5819,13,14
5820,13,13
5821,4,4
5822,4,4
5823,7,7
5824,25,26
5825,12,13
5826,11,11
5827,14,20
5828,22,22
5829,5,9
5830,14,15
5831,18,18
5832,16,16
5833,18,19
5834,15,15
5835,25,28
5836,10,10
5837,12,15
5838,17,18
5839,4,4
5840,18,18
5841,21,22
5842,20,21
5843,18,18
5844,7,8
5845,15,15
5846,7,8
5847,20,20
5848,8,8
5849,12,12
5850,17,17
5851,10,13
5852,14,14
5853,14,18
5854,9,10
5855,18,19
5856,8,8
5857,13,16
5858,3,3
5859,22,26
5860,18,19
5861,8,9
5862,6,6
5863,7,7
5864,12,15
5865,20,21
5866,20,22
5867,13,13
5868,18,18
5869,9,9
5870,14,14
5871,4,5
5872,8,8
5873,13,14
5874,18,18
5875,3,3
5876,8,8
5877,10,10
5878,1,2
5879,7,7
5880,5,5
5881,6,6
5882,18,19
5883,7,8
5884,7,7
5885,17,18
5886,11,11
5887,7,9
5888,11,12
5889,2,4
5890,18,19
5891,12,13
5892,11,11
5893,13,13
5894,6,6
5895,15,16
5896,18,18
5897,16,16
5898,6,6
5899,12,12
5900,8,9
5901,19,20
5902,5,5
5903,2,2
5904,17,19
5905,6,6
5906,12,12
5907,8,10
5908,28,30
5909,11,11
5910,9,10
5911,8,8
5912,7,7
5913,5,5
5914,4,4
5915,15,15
5916,13,14
5917,7,8
5918,16,16
5919,3,3
5920,14,14
5921,11,11
5922,3,4
5923,14,14
5924,11,12
5925,17,17
5926,15,16
5927,8,8
5928,3,3
5929,18,18
5930,2,2
5931,2,2
5932,13,13
5933,20,21
5934,10,11
5935,8,8
5936,3,3
5937,15,15
5938,12,13
5939,2,2
5940,10,12
5941,9,10
5942,14,14
5943,7,7
5944,13,15
5945,12,12
5946,7,7
5947,3,3
5948,15,16
5949,15,16
5950,17,18
5951,10,11
5952,27,32
5953,3,4
5954,17,18
5955,21,21
5956,7,7
5957,4,5
5958,13,14
5959,8,8
5960,7,8
5961,19,20
5962,4,5
5963,20,21
5964,10,12
5965,3,3
5966,13,14
5967,20,21
5968,26,27
5969,16,18
5970,20,22
5971,3,3
5972,16,17
5973,14,15
5974,17,18
5975,4,4
5976,5,5
5977,12,13
5978,9,9
5979,13,14
5980,9,10
5981,6,9
5982,7,7
5983,10,10
5984,16,16
5985,12,13
5986,10,11
5987,12,12
5988,10,10
5989,15,15
5990,9,9
5991,4,4
5992,8,8
5993,6,6
5994,7,7
5995,8,8
5996,3,4
5997,12,14
5998,6,6
5999,16,17
6000,13,13
6001,6,6
6002,13,13
6003,13,13
6004,10,11
6005,3,4
6006,8,8
6007,17,17
6008,17,17
6009,12,13
6010,15,16
6011,10,10
6012,1,2
6013,12,12
6014,14,15
6015,19,22
6016,17,19
6017,22,23
6018,10,10
6019,16,16
6020,5,5
6021,7,7
6022,2,2
6023,12,12
6024,12,12
6025,7,7
6026,19,19
6027,11,12
6028,4,4
6029,15,15
6030,10,11
6031,18,18
6032,3,3
6033,23,25
6034,16,16
6035,9,9
6036,11,11
6037,6,7
6038,3,3
6039,8,8
6040,21,22
6041,23,24
6042,12,13
6043,5,5
6044,6,6
6045,11,12
6046,20,20
6047,7,10
6048,8,8
6049,3,4
6050,2,2
6051,5,5
6052,18,19
6053,13,14
6054,4,4
6055,46,47
6056,12,14
6057,8,9
6058,9,10
6059,11,11
6060,2,2
6061,16,17
6062,11,11
6063,7,8
6064,10,10
6065,6,6
6066,8,8
6067,4,4
6068,10,10
6069,14,14
6070,14,14
6071,18,20
6072,10,11
6073,13,14
6074,11,12
6075,13,13
6076,2,2
6077,12,13
6078,11,11
6079,18,19
6080,10,10
6081,15,16
6082,8,9
6083,10,10
6084,14,14
6085,14,14
6086,14,14
6087,16,16
6088,12,12
6089,12,12
6090,2,2
6091,10,10
6092,22,23
6093,8,8
6094,13,14
6095,10,10
6096,10,11
6097,16,20
6098,12,12
6099,15,15
6100,12,12
6101,12,12
6102,22,24
6103,23,23
6104,4,4
6105,5,6
6106,16,17
6107,9,9
6108,14,14
6109,9,9
6110,17,18
6111,12,12
6112,3,3
6113,14,16
6114,6,6
6115,9,9
6116,10,10
6117,11,11
6118,13,13
6119,10,10
6120,14,14
6121,10,10
6122,16,16
6123,11,12
6124,14,14
6125,14,15
6126,8,9
6127,8,9
6128,16,18
6129,10,11
6130,8,18
6131,11,14
6132,15,16
6133,13,16
6134,14,15
6135,16,17
6136,19,20
6137,16,17
6138,8,8
6139,8,8
6140,2,2
6141,9,9
6142,11,12
6143,5,5
6144,13,15
6145,4,4
6146,4,4
6147,33,38
6148,19,20
6149,5,6
6150,18,18
6151,14,14
6152,12,13
6153,12,13
6154,6,7
6155,7,8
6156,10,10
6157,9,10
6158,6,7
6159,2,2
6160,18,19
6161,5,5
6162,10,10
6163,10,10
6164,6,6
6165,13,13
6166,42,42
6167,14,15
6168,12,12
6169,11,12
6170,15,15
6171,23,24
6172,5,5
6173,21,21
6174,4,4
6175,16,16
6176,21,23
6177,16,16
6178,10,10
6179,11,12
6180,4,6
6181,15,16
6182,3,3
6183,9,10
6184,11,11
6185,3,4
6186,15,16
6187,6,6
6188,8,8
6189,9,9
6190,6,6
6191,9,10
6192,14,14
6193,6,6
6194,6,6
6195,13,13
6196,6,6
6197,10,10
6198,4,4
6199,4,4
6200,13,13
6201,6,6
6202,8,8
6203,24,24
6204,10,10
6205,8,8
6206,10,10
6207,16,16
6208,7,7
6209,13,13
6210,12,12
6211,6,6
6212,10,10
6213,9,9
6214,3,4
6215,8,8
6216,6,6
6217,9,9
6218,11,12
6219,11,12
6220,1,2
6221,15,16
6222,2,3
6223,13,13
6224,11,11
6225,4,4
6226,6,7
6227,20,20
6228,2,4
6229,15,15
6230,11,11
6231,12,13
6232,3,3
6233,1,2
6234,13,14
6235,19,20
6236,25,26
6237,12,13
6238,16,16
6239,12,14
6240,4,6
6241,7,7
6242,18,18
6243,19,20
6244,18,19
6245,13,13
6246,16,16
6247,13,14
6248,13,14
6249,13,14
6250,13,14
6251,32,34
6252,3,5
6253,20,21
6254,5,5
6255,14,16
6256,29,30
6257,14,15
6258,7,9
6259,19,20
6260,14,14
6261,15,17
6262,5,5
6263,15,16
6264,19,21
6265,14,15
6266,10,10
6267,10,10
6268,11,11
6269,7,7
6270,12,12
6271,11,11
6272,6,6
6273,17,19
6274,2,2
6275,6,6
6276,3,4
6277,8,8
6278,11,11
6279,8,9
6280,21,21
6281,19,22
6282,5,5
6283,28,28
6284,20,20
6285,11,11
6286,21,21
6287,19,20
6288,15,16
6289,18,20
6290,17,20
6291,10,12
6292,13,15
6293,21,21
6294,10,11
6295,21,23
6296,13,20
6297,17,20
6298,17,17
6299,13,13
6300,8,10
6301,17,17
6302,20,22
6303,4,4
6304,22,23
6305,5,6
6306,6,7
6307,2,3
6308,20,21
6309,17,17
6310,16,16
6311,22,22
6312,23,24
6313,15,18
6314,20,20
6315,16,17
6316,14,14
6317,12,13
6318,12,12
6319,18,18
6320,16,16
6321,12,13
6322,18,18
6323,13,13
6324,12,12
6325,19,20
6326,3,3
6327,21,23
6328,9,10
6329,16,18
6330,16,16
6331,24,25
6332,25,27
6333,2,2
6334,16,17
6335,2,4
6336,11,12
6337,5,6
6338,17,17
6339,19,20
6340,28,28
6341,20,22
6342,18,19
6343,17,17
6344,13,14
6345,15,16
6346,12,12
6347,14,15
6348,19,20
6349,21,21
6350,20,20
6351,11,12
6352,16,17
6353,17,18
6354,12,13
6355,14,16
6356,18,18
6357,14,17
6358,18,18
6359,8,8
6360,18,19
6361,5,5
6362,14,15
6363,15,17
6364,19,20
6365,20,20
6366,6,7
6367,16,17
6368,26,27
6369,9,9
6370,28,28
6371,7,7
6372,25,26
6373,8,8
6374,15,16
6375,13,13
6376,21,21
6377,18,18
6378,18,18
6379,11,11
6380,10,10
6381,14,17
6382,3,3
6383,23,23
6384,5,6
6385,9,10
6386,2,2
6387,8,8
6388,11,13
6389,11,11
6390,4,4
6391,18,21
6392,16,17
6393,13,15
6394,13,13
6395,8,8
6396,16,16
6397,22,22
6398,17,18
6399,17,18
6400,13,14
6401,8,8
6402,9,9
6403,9,9
6404,12,13
6405,13,13
6406,26,26
6407,15,16
6408,17,20
6409,15,15
6410,6,6
6411,14,14
6412,23,23
6413,20,20
6414,13,13
6415,16,17
6416,10,11
6417,13,15
6418,12,13
6419,14,14
6420,10,15
6421,15,15
6422,22,23
6423,13,14
6424,19,19
6425,18,19
6426,12,12
6427,23,23
6428,14,14
6429,15,18
6430,9,9
6431,7,8
6432,6,6
6433,3,3
6434,9,9
6435,6,6
6436,4,5
6437,4,5
6438,14,15
6439,3,3
6440,12,12
6441,2,4
6442,7,7
6443,27,27
6444,21,22
6445,4,4
6446,19,19
6447,6,7
6448,16,16
6449,15,16
6450,26,26
6451,28,31
6452,19,19
6453,18,18
6454,18,18
6455,29,30
6456,4,4
6457,14,15
6458,9,10
6459,4,4
6460,13,13
6461,3,3
6462,7,7
6463,10,10
6464,3,4
6465,19,20
6466,7,7
6467,6,7
6468,14,14
6469,11,11
6470,11,11
6471,6,6
6472,10,10
6473,3,3
6474,10,10
6475,8,9
6476,5,6
6477,11,12
6478,7,8
6479,6,6
6480,15,16
6481,6,6
6482,14,14
6483,10,12
6484,15,15
6485,14,14
6486,18,19
6487,6,6
6488,9,10
6489,14,14
6490,10,10
6491,10,10
6492,12,12
6493,10,11
6494,7,7
6495,8,8
6496,8,8
6497,5,5
6498,7,8
6499,10,11
6500,15,15
6501,10,10
6502,11,11
6503,7,7
6504,3,3
6505,17,17
6506,5,6
6507,22,22
6508,17,17
6509,19,19
6510,9,10
6511,5,5
6512,5,5
6513,13,14
6514,12,12
6515,10,10
6516,14,14
6517,15,15
6518,20,21
6519,6,6
6520,12,13
6521,16,16
6522,13,13
6523,18,18
6524,14,14
6525,18,19
6526,11,11
6527,9,9
6528,14,14
6529,12,12
6530,19,19
6531,15,15
6532,9,9
6533,6,6
6534,12,12
6535,7,7
6536,10,10
6537,4,5
6538,6,6
6539,6,6
6540,7,7
6541,8,8
6542,5,5
6543,10,10
6544,5,5
6545,8,8
6546,5,5
6547,16,16
6548,13,13
6549,13,13
6550,12,12
6551,5,5
6552,7,7
6553,6,6
6554,2,2
6555,7,7
6556,3,3
6557,4,4
6558,10,10
6559,16,16
6560,36,37
6561,7,8
6562,3,3
6563,4,4
6564,2,2
6565,8,8
6566,3,3
6567,4,4
6568,5,5
6569,14,14
6570,9,9
6571,2,2
6572,6,6
6573,17,17
6574,10,10
6575,3,3
6576,25,26
6577,13,14
6578,21,22
6579,15,16
6580,10,10
6581,21,21
6582,6,7
6583,3,4
6584,11,12
6585,16,16
6586,21,22
6587,18,19
6588,15,16
6589,7,8
6590,1,3
6591,5,6
6592,7,9
6593,2,2
6594,20,21
6595,4,5
6596,6,6
6597,16,16
6598,2,2
6599,14,15
6600,6,6
6601,11,12
6602,10,10
6603,3,3
6604,26,26
6605,5,7
6606,17,17
6607,16,18
6608,9,9
6609,10,11
6610,15,16
6611,17,18
6612,10,11
6613,10,11
6614,7,7
6615,2,2
6616,15,16
6617,8,8
6618,21,22
6619,16,17
6620,2,3
6621,7,7
6622,3,3
6623,3,4
6624,19,20
6625,3,5
6626,14,15
6627,17,18
6628,18,20
6629,4,4
6630,5,6
6631,13,13
6632,8,8
6633,10,10
6634,9,9
6635,8,8
6636,8,8
6637,7,7
6638,21,22
6639,7,7
6640,11,11
6641,9,10
6642,11,11
6643,13,13
6644,14,14
6645,9,9
6646,20,20
6647,7,8
6648,15,17
6649,2,2
6650,9,9
6651,21,22
6652,11,12
6653,24,25
6654,10,10
6655,24,26
6656,32,32
6657,14,14
6658,13,14
6659,15,16
6660,4,4
6661,21,21
6662,28,28
6663,15,16
6664,18,19
6665,25,26
6666,21,22
6667,22,22
6668,21,22
6669,13,14
6670,11,11
6671,19,20
6672,49,50
6673,25,26
6674,19,19
6675,15,16
6676,11,11
6677,5,6
6678,14,14
6679,13,13
6680,16,16
6681,21,21
6682,4,4
6683,20,21
6684,4,4
6685,12,13
6686,10,10
6687,7,10
6688,9,9
6689,23,23
6690,3,3
6691,10,10
6692,12,12
6693,2,2
6694,5,5
6695,4,4
6696,22,22
6697,20,20
6698,3,3
6699,5,6
6700,19,20
6701,10,10
6702,10,10
6703,9,9
6704,5,5
6705,18,18
6706,8,8
6707,11,11
6708,12,12
6709,9,9
6710,4,4
6711,12,13
6712,10,11
6713,4,4
6714,7,7
6715,3,3
6716,12,12
6717,14,14
6718,2,2
6719,16,17
6720,11,11
6721,8,9
6722,14,14
6723,19,20
6724,14,16
6725,11,11
6726,12,13
6727,10,10
6728,18,18
6729,4,4
6730,14,15
6731,7,8
6732,14,14
6733,8,8
6734,9,10
6735,5,6
6736,7,7
6737,7,7
6738,19,19
6739,16,16
6740,3,3
6741,5,5
6742,3,3
6743,7,7
6744,17,17
6745,4,4
6746,15,16
6747,5,5
6748,14,14
6749,6,6
6750,6,6
6751,9,10
6752,4,4
6753,13,14
6754,6,6
6755,7,7
6756,23,24
6757,17,18
6758,15,15
6759,8,8
6760,7,7
6761,14,14
6762,11,11
6763,12,12
6764,13,13
6765,10,10
6766,19,19
6767,18,18
6768,15,15
6769,10,10
6770,11,11
6771,10,10
6772,8,8
6773,8,8
6774,15,16
6775,9,9
6776,9,9
6777,12,12
6778,26,27
6779,13,13
6780,14,14
6781,4,4
6782,17,17
6783,14,14
6784,11,11
6785,15,16
6786,2,2
6787,14,15
6788,6,6
6789,8,8
6790,11,11
6791,8,8
6792,10,10
6793,6,7
6794,9,11
6795,11,11
6796,4,4
6797,13,13
6798,14,14
6799,13,13
6800,18,19
6801,28,30
6802,18,18
6803,13,13
6804,3,3
6805,15,16
6806,20,22
6807,14,16
6808,14,14
6809,18,20
6810,14,14
6811,4,4
6812,23,28
6813,17,18
6814,9,10
6815,7,7
6816,19,20
6817,21,22
6818,11,11
6819,17,18
6820,17,18
6821,6,6
6822,9,9
6823,11,12
6824,6,6
6825,2,2
6826,9,9
6827,16,22
6828,15,15
6829,13,13
6830,17,17
6831,5,5
6832,8,8
6833,18,18
6834,5,6
6835,16,16
6836,12,12
6837,7,8
6838,9,9
6839,14,14
6840,12,12
6841,14,15
6842,17,18
6843,5,6
6844,11,11
6845,18,18
6846,3,4
6847,20,20
6848,3,3
6849,10,10
6850,5,5
6851,14,14
6852,22,22
6853,12,14
6854,10,11
6855,6,6
6856,8,8
6857,10,10
6858,13,14
6859,15,16
6860,13,14
6861,16,18
6862,7,8
6863,7,7
6864,8,8
6865,4,4
6866,19,19
6867,15,16
6868,8,8
6869,9,9
6870,12,12
6871,17,17
6872,12,13
6873,2,2
6874,7,7
6875,3,4
6876,10,11
6877,14,15
6878,13,13
6879,11,12
6880,15,15
6881,14,14
6882,14,14
6883,12,12
6884,16,16
6885,18,18
6886,11,11
6887,6,9
6888,5,5
6889,8,8
6890,30,33
6891,8,8
6892,19,19
6893,14,14
6894,9,10
6895,22,22
6896,17,18
6897,6,6
6898,13,13
6899,12,12
6900,15,15
6901,12,13
6902,14,14
6903,11,11
6904,17,17
6905,16,16
6906,11,11
6907,14,14
6908,18,18
6909,20,20
6910,20,20
6911,17,17
6912,6,6
6913,19,23
6914,8,8
6915,7,8
6916,2,2
6917,4,4
6918,9,11
6919,10,10
6920,19,22
6921,9,9
6922,12,12
6923,18,18
6924,14,15
6925,15,16
6926,9,10
6927,13,20
6928,16,16
6929,5,6
6930,18,19
6931,10,10
6932,16,17
6933,5,5
6934,3,3
6935,15,16
6936,22,25
6937,9,17
6938,10,10
6939,5,5
6940,9,9
6941,3,3
6942,4,4
6943,12,12
6944,10,10
6945,11,11
6946,14,16
6947,5,5
6948,3,3
6949,7,8
6950,40,45
6951,33,34
6952,12,15
6953,23,23
6954,22,22
6955,7,8
6956,16,16
6957,16,16
6958,19,20
6959,6,8
6960,5,6
6961,17,17
6962,10,11
6963,9,10
6964,8,8
6965,16,17
6966,14,15
6967,17,17
6968,12,12
6969,16,17
6970,7,7
6971,12,12
6972,9,9
6973,10,10
6974,11,11
6975,10,10
6976,17,18
6977,10,10
6978,7,7
6979,16,16
6980,23,23
6981,13,14
6982,10,10
6983,14,14
6984,21,21
6985,14,14
6986,16,16
6987,10,10
6988,14,14
6989,6,7
6990,17,17
6991,17,18
6992,9,9
6993,15,15
6994,18,18
6995,12,12
6996,21,22
6997,18,18
6998,16,17
6999,23,23
7000,16,16
7001,5,5
7002,12,12
7003,15,15
7004,14,14
7005,12,12
7006,15,15
7007,4,4
7008,18,19
7009,10,12
7010,5,5
7011,15,15
7012,6,7
7013,20,21
7014,19,20
7015,12,12
7016,16,16
7017,13,13
7018,24,25
7019,3,3
7020,4,4
7021,8,8
7022,15,16
7023,8,8
7024,2,2
7025,8,8
7026,14,14
7027,19,19
7028,20,20
7029,14,14
7030,15,15
7031,5,6
7032,4,4
7033,17,17
7034,14,14
7035,13,14
7036,9,9
7037,12,13
7038,13,13
7039,10,10
7040,12,12
7041,24,24
7042,13,15
7043,19,20
7044,8,8
7045,14,14
7046,15,16
7047,18,19
7048,13,14
7049,7,8
7050,12,13
7051,4,5
7052,14,15
7053,12,13
7054,6,6
7055,9,16
7056,10,10
7057,15,15
7058,32,33
7059,13,14
7060,12,12
7061,7,7
7062,20,21
7063,16,16
7064,9,9
7065,22,22
7066,13,14
7067,22,24
7068,12,13
7069,16,17
7070,19,19
7071,10,10
7072,18,18
7073,14,14
7074,6,6
7075,7,7
7076,6,6
7077,16,16
7078,12,13
7079,11,12
7080,14,14
7081,14,14
7082,10,10
7083,11,11
7084,11,12
7085,15,15
7086,9,10
7087,34,34
7088,12,13
7089,10,10
7090,13,14
7091,11,14
7092,7,8
7093,12,13
7094,10,10
7095,6,6
7096,17,17
7097,6,6
7098,11,12
7099,17,17
7100,15,16
7101,16,16
7102,16,16
7103,8,9
7104,19,20
7105,6,6
7106,12,12
7107,2,2
7108,12,15
7109,16,16
7110,19,19
7111,15,16
7112,12,12
7113,17,17
7114,6,6
7115,15,15
7116,10,10
7117,4,4
7118,5,5
7119,17,18
7120,12,12
7121,11,11
7122,12,12
7123,4,4
7124,14,15
7125,7,7
7126,14,15
7127,17,18
7128,11,12
7129,7,7
7130,5,5
7131,10,10
7132,13,13
7133,8,8
7134,17,18
7135,14,15
7136,3,3
7137,11,12
7138,15,15
7139,14,14
7140,11,11
7141,16,16
7142,14,14
7143,4,4
7144,10,10
7145,23,23
7146,14,14
7147,11,11
7148,15,16
7149,15,17
7150,15,16
7151,11,12
7152,13,15
7153,10,10
7154,3,3
7155,7,7
7156,20,21
7157,7,7
7158,14,14
7159,13,13
7160,13,15
7161,14,14
7162,6,6
7163,2,2
7164,19,20
7165,13,13
7166,12,12
7167,7,7
7168,8,8
7169,7,8
7170,16,17
7171,4,4
7172,18,18
7173,3,4
7174,7,7
7175,5,5
7176,7,7
7177,6,6
7178,12,12
7179,15,17
7180,5,5
7181,5,5
7182,8,8
7183,7,8
7184,10,10
7185,30,32
7186,29,30
7187,16,16
7188,8,8
7189,5,5
7190,22,22
7191,24,24
7192,14,14
7193,2,2
7194,24,24
7195,14,14
7196,17,17
7197,17,18
7198,19,19
7199,26,26
7200,1,2
7201,15,15
7202,16,17
7203,2,3
7204,14,14
7205,12,12
7206,13,14
7207,7,7
7208,10,10
7209,12,12
7210,8,9
7211,13,15
7212,3,5
7213,12,13
7214,12,12
7215,12,14
7216,9,9
7217,13,16
7218,14,14
7219,15,16
7220,10,10
7221,13,13
7222,15,17
7223,11,12
7224,4,4
7225,3,3
7226,12,14
7227,3,3
7228,20,20
7229,10,10
7230,19,20
7231,9,9
7232,9,9
7233,17,18
7234,15,16
7235,17,18
7236,16,18
7237,11,12
7238,4,4
7239,2,2
7240,24,24
7241,16,16
7242,11,11
7243,13,14
7244,21,22
7245,14,14
7246,5,6
7247,18,19
7248,10,10
7249,15,17
7250,22,24
7251,17,18
7252,22,23
7253,4,5
7254,12,13
7255,24,25
7256,18,19
7257,24,25
7258,9,9
7259,8,8
7260,20,22
7261,23,23
7262,2,2
7263,5,6
7264,2,2
7265,15,16
7266,21,21
7267,7,7
7268,17,17
7269,4,4
7270,4,4
7271,12,12
7272,14,14
7273,8,8
7274,8,8
7275,5,5
7276,21,22
7277,25,25
7278,16,18
7279,16,16
7280,19,19
7281,16,17
7282,29,30
7283,14,14
7284,14,14
7285,4,5
7286,26,26
7287,13,13
7288,10,11
7289,14,14
7290,9,9
7291,27,27
7292,17,18
7293,21,21
7294,29,31
7295,21,21
7296,21,22
7297,14,14
7298,6,6
7299,21,22
7300,13,14
7301,24,25
7302,15,15
7303,4,4
7304,4,4
7305,3,3
7306,5,5
7307,14,14
7308,13,14
7309,14,15
7310,15,16
7311,16,16
7312,17,17
7313,12,12
7314,4,4
7315,11,11
7316,18,18
7317,18,18
7318,8,8
7319,12,12
7320,7,7
7321,13,13
7322,4,4
7323,16,16
7324,10,10
7325,12,13
7326,16,16
7327,14,14
7328,7,8
7329,6,6
7330,12,12
7331,15,15
7332,13,14
7333,4,6
7334,10,10
7335,10,10
7336,21,22
7337,8,8
7338,10,10
7339,17,17
7340,17,18
7341,10,10
7342,17,18
7343,2,3
7344,10,10
7345,14,15
7346,13,13
7347,13,13
7348,5,5
7349,15,16
7350,20,21
7351,11,11
7352,3,4
7353,16,16
7354,1,2
7355,10,10
7356,6,6
7357,6,6
7358,18,18
7359,8,8
7360,12,12
7361,9,9
7362,9,9
7363,3,3
7364,7,7
7365,8,8
7366,10,10
7367,21,22
7368,7,8
7369,7,7
7370,1,2
7371,4,4
7372,2,2
7373,27,28
7374,22,22
7375,12,13
7376,18,18
7377,2,3
7378,21,22
7379,29,32
7380,16,17
7381,20,21
7382,3,4
7383,4,4
7384,9,14
7385,8,9
7386,12,13
7387,23,23
7388,2,2
7389,5,5
7390,17,18
7391,16,16
7392,7,7
7393,20,20
7394,17,19
7395,15,16
7396,14,15
7397,11,12
7398,14,17
7399,21,23
7400,5,5
7401,16,18
7402,22,22
7403,7,7
7404,6,6
7405,12,12
7406,21,22
7407,20,21
7408,11,11
7409,5,6
7410,14,14
7411,18,19
7412,8,8
7413,11,17
7414,12,13
7415,8,9
7416,25,26
7417,23,24
7418,8,8
7419,17,18
7420,20,21
7421,12,13
7422,4,4
7423,20,20
7424,3,3
7425,14,15
7426,8,9
7427,20,20
7428,8,8
7429,15,16
7430,13,17
7431,6,6
7432,13,16
7433,22,22
7434,16,16
7435,15,15
7436,6,6
7437,14,15
7438,18,20
7439,17,19
7440,19,19
7441,15,22
7442,19,20
7443,7,7
7444,14,15
7445,13,14
7446,13,13
7447,4,4
7448,4,4
7449,7,7
7450,25,26
7451,13,13
7452,11,11
7453,20,20
7454,21,22
7455,7,9
7456,15,15
7457,18,18
7458,16,16
7459,19,19
7460,14,15
7461,27,28
7462,9,10
7463,13,15
7464,17,18
7465,4,4
7466,18,18
7467,22,22
7468,20,21
7469,17,18
7470,8,8
7471,14,15
7472,8,8
7473,20,20
7474,8,8
7475,12,12
7476,17,17
7477,10,13
7478,14,14
7479,14,18
7480,9,10
7481,17,19
7482,8,8
7483,14,16
7484,3,3
7485,21,26
7486,18,19
7487,9,9
7488,6,6
7489,7,7
7490,14,15
7491,20,21
7492,22,22
7493,13,13
7494,18,18
7495,9,9
7496,14,14
7497,5,5
7498,8,8
7499,14,14
7500,18,18
7501,3,3
7502,8,8
7503,10,10
7504,2,2
7505,7,7
7506,5,5
7507,6,6
7508,18,19
7509,7,8
7510,7,7
7511,18,18
7512,11,11
7513,8,9
7514,12,12
7515,3,4
7516,18,19
7517,13,13
7518,11,11
7519,13,13
7520,6,6
7521,16,16
7522,18,18
7523,16,16
7524,6,6
7525,8,12
7526,9,9
7527,19,20
7528,5,5
7529,2,2
7530,19,19
7531,6,6
7532,12,12
7533,10,10
7534,29,30
7535,11,11
7536,10,10
7537,8,8
7538,7,7
7539,5,5
7540,4,4
7541,14,15
7542,14,14
7543,8,8
7544,16,16
7545,2,3
7546,14,14
7547,11,11
7548,4,4
7549,14,14
7550,12,12
7551,17,17
7552,16,16
7553,8,8
7554,3,3
7555,18,18
7556,2,2
7557,2,2
7558,12,13
7559,21,21
7560,11,11
7561,8,8
7562,3,3
7563,15,15
7564,12,13
7565,1,2
7566,10,12
7567,10,10
7568,14,14
7569,7,7
7570,15,15
7571,12,12
7572,7,7
7573,3,3
7574,15,16
7575,15,16
7576,15,18
7577,9,11
7578,31,32
7579,3,4
7580,17,18
7581,20,21
7582,7,7
7583,4,5
7584,14,14
7585,7,8
7586,7,8
7587,20,20
7588,4,5
7589,20,21
7590,10,12
7591,2,3
7592,14,14
7593,15,21
7594,26,27
7595,18,18
7596,22,22
7597,3,3
7598,17,17
7599,14,15
7600,18,18
7601,4,4
7602,5,5
7603,13,13
7604,9,9
7605,13,14
7606,10,10
7607,7,9
7608,7,7
7609,10,10
7610,16,16
7611,13,13
7612,11,11
7613,12,12
7614,10,10
7615,15,15
7616,9,9
7617,4,4
7618,8,8
7619,6,6
7620,7,7
7621,8,8
7622,3,4
7623,14,14
7624,6,6
7625,16,17
7626,13,13
7627,6,6
7628,13,13
7629,13,13
7630,11,11
7631,3,4
7632,8,8
7633,16,17
7634,17,17
7635,12,13
7636,15,16
7637,10,10
7638,2,2
7639,12,12
7640,14,15
7641,20,22
7642,18,19
7643,23,23
7644,10,10
7645,16,16
7646,5,5
7647,7,7
7648,2,2
7649,12,12
7650,12,12
7651,7,7
7652,18,19
7653,11,12
7654,4,4
7655,15,15
7656,10,11
7657,17,18
7658,3,3
7659,23,25
7660,16,16
7661,9,9
7662,11,11
7663,7,7
7664,3,3
7665,8,8
7666,21,22
7667,23,24
7668,12,13
7669,5,5
7670,5,6
7671,11,12
7672,20,20
7673,9,10
7674,8,8
7675,4,4
7676,2,2
7677,5,5
7678,19,19
7679,14,14
7680,4,4
7681,47,47
7682,13,14
7683,9,9
7684,9,10
7685,11,11
7686,2,2
7687,17,17
7688,11,11
7689,8,8
7690,10,10
7691,6,6
7692,8,8
7693,4,4
7694,10,10
7695,14,14
7696,14,14
7697,20,20
7698,11,11
7699,13,14
7700,12,12
7701,13,13
7702,2,2
7703,12,13
7704,11,11
7705,19,19
7706,9,10
7707,16,16
7708,9,9
7709,10,10
7710,14,14
7711,14,14
7712,14,14
7713,16,16
7714,12,12
7715,12,12
7716,2,2
7717,10,10
7718,22,23
7719,8,8
7720,13,14
7721,10,10
7722,11,11
7723,18,20
7724,12,12
7725,15,15
7726,12,12
7727,11,12
7728,22,24
7729,22,23
7730,4,4
7731,6,6
7732,17,17
7733,9,9
7734,13,14
7735,9,9
7736,17,18
7737,12,12
7738,3,3
7739,16,16
7740,6,6
7741,9,9
7742,10,10
7743,11,11
7744,13,13
7745,10,10
7746,14,14
7747,9,10
7748,16,16
7749,12,12
7750,14,14
7751,14,15
7752,9,9
7753,8,9
7754,18,18
7755,10,11
7756,17,18
7757,12,14
7758,15,16
7759,15,16
7760,15,15
7761,17,17
7762,19,20
7763,17,17
7764,8,8
7765,8,8
7766,2,2
7767,9,9
7768,11,12
7769,4,5
7770,15,15
7771,4,4
7772,4,4
7773,32,38
7774,20,20
7775,6,6
7776,18,18
7777,14,14
7778,13,13
7779,13,13
7780,7,7
7781,8,8
7782,10,10
7783,9,10
7784,7,7
7785,2,2
7786,18,19
7787,5,5
7788,10,10
7789,10,10
7790,6,6
7791,13,13
7792,41,42
7793,15,15
7794,12,12
7795,11,12
7796,13,15
7797,24,24
7798,5,5
7799,21,21
7800,4,4
7801,16,16
7802,20,23
7803,16,16
7804,10,10
7805,12,12
7806,6,6
7807,15,16
7808,3,3
7809,9,10
7810,11,11
7811,4,4
7812,13,16
7813,6,6
7814,8,8
7815,9,9
7816,6,6
7817,10,10
7818,14,14
7819,6,6
7820,6,6
7821,13,13
7822,6,6
7823,10,10
7824,4,4
7825,4,4
7826,13,13
7827,6,6
7828,8,8
7829,24,24
7830,10,10
7831,8,8
7832,10,10
7833,16,16
7834,7,7
7835,13,13
7836,11,12
7837,6,6
7838,10,10
7839,9,9
7840,4,4
7841,8,8
7842,6,6
7843,9,9
7844,12,12
7845,12,12
7846,2,2
7847,15,16
7848,3,3
7849,13,13
7850,10,11
7851,4,4
7852,7,7
7853,19,20
7854,2,4
7855,15,15
7856,10,11
7857,12,13
7858,3,3
7859,1,2
7860,13,14
7861,19,20
7862,25,26
7863,13,13
7864,16,16
7865,12,14
7866,5,6
7867,7,7
7868,18,18
7869,19,20
7870,19,19
7871,13,13
7872,16,16
7873,14,14
7874,13,14
7875,13,14
7876,13,14
7877,32,34
7878,3,5
7879,20,21
7880,5,5
7881,14,16
7882,29,30
7883,15,15
7884,9,9
7885,20,20
7886,14,14
7887,16,17
7888,5,5
7889,16,16
7890,20,21
7891,14,15
7892,10,10
7893,10,10
7894,11,11
7895,7,7
7896,12,12
7897,10,11
7898,6,6
7899,16,19
7900,2,2
7901,6,6
7902,4,4
7903,8,8
7904,11,11
7905,9,9
7906,21,21
7907,19,22
7908,5,5
7909,28,28
7910,20,20
7911,11,11
7912,21,21
7913,20,20
7914,15,16
7915,20,20
7916,18,20
7917,11,12
7918,15,15
7919,17,21
7920,11,11
7921,22,23
7922,20,20
7923,19,20
7924,17,17
7925,13,13
7926,9,10
7927,17,17
7928,21,22
7929,4,4
7930,23,23
7931,5,6
7932,7,7
7933,2,3
7934,20,21
7935,17,17
7936,16,16
7937,21,22
7938,23,24
7939,17,18
7940,20,20
7941,16,17
7942,14,14
7943,13,13
7944,12,12
7945,18,18
7946,16,16
7947,12,13
7948,18,18
7949,13,13
7950,12,12
7951,19,20
7952,2,3
7953,23,23
7954,10,10
7955,13,18
7956,16,16
7957,25,25
7958,25,27
7959,2,2
7960,16,17
7961,2,4
7962,12,12
7963,5,6
7964,17,17
7965,19,20
7966,27,28
7967,20,22
7968,19,19
7969,17,17
7970,14,14
7971,15,16
7972,12,12
7973,15,15
7974,20,20
7975,20,21
7976,20,20
7977,12,12
7978,17,17
7979,18,18
7980,12,13
7981,16,16
7982,18,18
7983,17,17
7984,18,18
7985,8,8
7986,18,19
7987,5,5
7988,14,15
7989,16,17
7990,19,20
7991,19,20
7992,6,7
7993,17,17
7994,27,27
7995,9,9
7996,28,28
7997,7,7
7998,26,26
7999,8,8
8000,16,16
8001,13,13
8002,20,21
8003,18,18
8004,17,18
8005,10,11
8006,10,10
8007,16,17
8008,3,3
8009,22,23
8010,5,6
8011,9,10
8012,2,2
8013,8,8
8014,13,13
8015,10,11
8016,4,4
8017,20,21
8018,17,17
8019,14,15
8020,13,13
8021,8,8
8022,15,16
8023,22,22
8024,16,18
8025,18,18
8026,14,14
8027,8,8
8028,9,9
8029,9,9
8030,13,13
8031,13,13
8032,26,26
8033,13,16
8034,18,20
8035,15,15
8036,6,6
8037,14,14
8038,23,23
8039,20,20
8040,12,13
8041,17,17
8042,10,11
8043,11,15
8044,13,13
8045,13,14
8046,10,15
8047,14,15
8048,22,23
8049,14,14
8050,19,19
8051,18,19
8052,12,12
8053,23,23
8054,14,14
8055,16,18
8056,9,9
8057,8,8
8058,6,6
8059,3,3
8060,9,9
8061,6,6
8062,4,5
8063,5,5
8064,14,15
8065,3,3
8066,12,12
8067,3,4
8068,7,7
8069,27,27
8070,22,22
8071,4,4
8072,16,19
8073,7,7
8074,16,16
8075,16,16
8076,26,26
8077,30,31
8078,19,19
8079,18,18
8080,17,18
8081,29,30
8082,4,4
8083,15,15
8084,9,10
8085,4,4
8086,13,13
8087,3,3
8088,7,7
8089,10,10
8090,4,4
8091,20,20
8092,7,7
8093,7,7
8094,14,14
8095,11,11
8096,11,11
8097,6,6
8098,10,10
8099,3,3
8100,10,10
8101,9,9
8102,6,6
8103,12,12
8104,8,8
8105,6,6
8106,15,16
8107,6,6
8108,14,14
8109,12,12
8110,15,15
8111,14,14
8112,18,19
8113,6,6
8114,9,10
8115,14,14
8116,10,10
8117,10,10
8118,12,12
8119,11,11
8120,7,7
8121,8,8
8122,8,8
8123,5,5
8124,8,8
8125,10,11
8126,14,15
8127,10,10
8128,11,11
8129,7,7
8130,3,3
8131,17,17
8132,5,6
8133,22,22
8134,17,17
8135,19,19
8136,10,10
8137,5,5
8138,5,5
8139,14,14
8140,12,12
8141,10,10
8142,14,14
8143,15,15
8144,21,21
8145,6,6
8146,12,13
8147,15,16
8148,13,13
8149,18,18
8150,14,14
8151,19,19
8152,11,11
8153,9,9
8154,14,14
8155,12,12
8156,19,19
8157,15,15
8158,9,9
8159,6,6
8160,12,12
8161,7,7
8162,10,10
8163,5,5
8164,6,6
8165,6,6
8166,7,7
8167,8,8
8168,5,5
8169,10,10
8170,5,5
8171,8,8
8172,5,5
8173,16,16
8174,12,13
8175,13,13
8176,12,12
8177,5,5
8178,7,7
8179,6,6
8180,2,2
8181,7,7
8182,3,3
8183,4,4
8184,10,10
8185,16,16
8186,34,37
8187,8,8
8188,3,3
8189,4,4
8190,2,2
8191,8,8
8192,3,3
8193,4,4
8194,5,5
8195,14,14
8196,9,9
8197,2,2
8198,6,6
8199,17,17
8200,10,10
8201,3,3
8202,26,26
8203,14,14
8204,22,22
8205,16,16
8206,10,10
8207,21,21
8208,7,7
8209,2,4
8210,12,12
8211,16,16
8212,22,22
8213,10,19
8214,16,16
8215,8,8
8216,2,3
8217,4,6
8218,9,9
8219,2,2
8220,20,21
8221,5,5
8222,6,6
8223,16,16
8224,1,2
8225,15,15
8226,5,6
8227,11,12
8228,10,10
8229,3,3
8230,24,26
8231,7,7
8232,17,17
8233,18,18
8234,9,9
8235,11,11
8236,16,16
8237,18,18
8238,10,11
8239,8,11
8240,6,7
8241,2,2
8242,13,16
8243,7,8
8244,22,22
8245,16,17
8246,2,3
8247,7,7
8248,2,3
8249,4,4
8250,19,20
8251,4,5
8252,15,15
8253,16,18
8254,19,20
8255,4,4
8256,6,6
8257,12,13
8258,6,8
8259,10,10
8260,9,9
8261,8,8
8262,8,8
8263,7,7
8264,19,22
8265,7,7
8266,10,11
8267,10,10
8268,11,11
8269,10,13
8270,14,14
8271,9,9
8272,19,20
8273,8,8
8274,17,17
8275,2,2
8276,9,9
8277,22,22
8278,12,12
8279,25,25
8280,10,10
8281,26,26
8282,30,32
8283,14,14
8284,14,14
8285,16,16
8286,3,4
8287,21,21
8288,27,28
8289,16,16
8290,19,19
8291,26,26
8292,22,22
8293,22,22
8294,21,22
8295,14,14
8296,11,11
8297,20,20
8298,49,50
8299,26,26
8300,19,19
8301,16,16
8302,11,11
8303,6,6
8304,14,14
8305,13,13
8306,16,16
8307,21,21
8308,4,4
8309,21,21
8310,4,4
8311,13,13
8312,9,10
8313,10,10
8314,9,9
8315,23,23
8316,3,3
8317,10,10
8318,12,12
8319,2,2
8320,5,5
8321,4,4
8322,22,22
8323,20,20
8324,3,3
8325,6,6
8326,19,20
8327,10,10
8328,10,10
8329,8,9
8330,5,5
8331,18,18
8332,8,8
8333,11,11
8334,11,12
8335,9,9
8336,3,4
8337,13,13
8338,11,11
8339,4,4
8340,6,7
8341,3,3
8342,12,12
8343,14,14
8344,1,2
8345,17,17
8346,11,11
8347,9,9
8348,14,14
8349,20,20
8350,16,16
8351,11,11
8352,13,13
8353,9,10
8354,18,18
8355,4,4
8356,15,15
8357,7,8
8358,14,14
8359,8,8
8360,10,10
8361,6,6
8362,7,7
8363,7,7
8364,19,19
8365,16,16
8366,3,3
8367,5,5
8368,3,3
8369,7,7
8370,17,17
8371,4,4
8372,16,16
8373,5,5
8374,14,14
8375,6,6
8376,6,6
8377,9,10
8378,4,4
8379,14,14
8380,6,6
8381,6,7
8382,23,24
8383,18,18
8384,15,15
8385,8,8
8386,7,7
8387,14,14
8388,11,11
8389,12,12
8390,13,13
8391,10,10
8392,19,19
8393,18,18
8394,15,15
8395,10,10
8396,11,11
8397,10,10
8398,8,8
8399,8,8
8400,16,16
8401,9,9
8402,9,9
8403,12,12
8404,27,27
8405,12,13
8406,14,14
8407,4,4
8408,17,17
8409,14,14
8410,10,11
8411,16,16
8412,2,2
8413,14,15
8414,6,6
8415,8,8
8416,11,11
8417,8,8
8418,10,10
8419,7,7
8420,11,11
8421,11,11
8422,4,4
8423,13,13
8424,14,14
8425,13,13
8426,19,19
8427,24,30
8428,18,18
8429,13,13
8430,3,3
8431,13,16
8432,21,22
8433,15,16
8434,13,14
8435,17,20
8436,13,14
8437,4,4
8438,25,28
8439,17,18
8440,9,10
8441,7,7
8442,19,20
8443,21,22
8444,11,11
8445,17,18
8446,18,18
8447,6,6
8448,9,9
8449,11,12
8450,6,6
8451,2,2
8452,9,9
8453,22,22
8454,15,15
8455,13,13
8456,16,17
8457,5,5
8458,8,8
8459,17,18
8460,6,6
8461,10,16
8462,11,12
8463,8,8
8464,7,9
8465,13,14
8466,10,12
8467,14,15
8468,16,18
8469,6,6
8470,10,11
8471,17,18
8472,3,4
8473,19,20
8474,3,3
8475,9,10
8476,5,5
8477,14,14
8478,22,22
8479,12,14
8480,11,11
8481,6,6
8482,8,8
8483,9,10
8484,13,14
8485,15,16
8486,11,14
8487,16,18
8488,8,8
8489,7,7
8490,8,8
8491,3,4
8492,19,19
8493,16,16
8494,8,8
8495,9,9
8496,12,12
8497,17,17
8498,11,13
8499,2,2
8500,7,7
8501,3,4
8502,11,11
8503,15,15
8504,13,13
8505,12,12
8506,15,15
8507,13,14
8508,14,14
8509,12,12
8510,16,16
8511,18,18
8512,11,11
8513,9,9
8514,5,5
8515,8,8
8516,30,33
8517,8,8
8518,19,19
8519,14,14
8520,6,10
8521,22,22
8522,17,18
8523,6,6
8524,13,13
8525,12,12
8526,15,15
8527,13,13
8528,14,14
8529,7,11
8530,16,17
8531,16,16
8532,11,11
8533,14,14
8534,18,18
8535,20,20
8536,20,20
8537,17,17
8538,6,6
8539,15,23
8540,7,8
8541,7,8
8542,2,2
8543,4,4
8544,11,11
8545,9,10
8546,20,22
8547,9,9
8548,12,12
8549,18,18
8550,15,15
8551,16,16
8552,10,10
8553,8,20
8554,16,16
8555,5,6
8556,16,19
8557,8,10
8558,16,17
8559,5,5
8560,3,3
8561,15,16
8562,24,25
8563,14,17
8564,10,10
8565,5,5
8566,9,9
8567,3,3
8568,3,4
8569,10,12
8570,9,10
8571,11,11
8572,15,16
8573,5,5
8574,3,3
8575,7,8
8576,45,45
8577,34,34
8578,14,15
8579,21,23
8580,21,22
8581,8,8
8582,12,16
8583,16,16
8584,19,20
8585,1,8
8586,6,6
8587,17,17
8588,7,11
8589,9,10
8590,8,8
8591,16,17
8592,14,15
8593,17,17
8594,12,12
8595,17,17
8596,7,7
8597,12,12
8598,9,9
8599,9,10
8600,11,11
8601,10,10
8602,18,18
8603,10,10
8604,4,7
8605,16,16
8606,23,23
8607,13,14
8608,10,10
8609,14,14
8610,21,21
8611,13,14
8612,16,16
8613,10,10
8614,12,14
8615,7,7
8616,17,17
8617,17,18
8618,9,9
8619,15,15
8620,18,18
8621,10,12
8622,21,22
8623,17,18
8624,17,17
8625,23,23
8626,16,16
8627,4,5
8628,12,12
8629,15,15
8630,13,14
8631,12,12
8632,15,15
8633,4,4
8634,19,19
8635,6,12
8636,5,5
8637,15,15
8638,7,7
8639,21,21
8640,20,20
8641,12,12
8642,16,16
8643,13,13
8644,24,25
8645,3,3
8646,4,4
8647,8,8
8648,15,16
8649,8,8
8650,2,2
8651,8,8
8652,14,14
8653,19,19
8654,20,20
8655,14,14
8656,15,15
8657,6,6
8658,4,4
8659,17,17
8660,13,14
8661,13,14
8662,9,9
8663,13,13
8664,13,13
8665,10,10
8666,11,12
8667,22,24
8668,15,15
8669,19,20
8670,8,8
8671,13,14
8672,14,16
8673,19,19
8674,14,14
8675,7,8
8676,13,13
8677,5,5
8678,15,15
8679,13,13
8680,6,6
8681,15,16
8682,9,10
8683,15,15
8684,32,33
8685,14,14
8686,12,12
8687,7,7
8688,21,21
8689,16,16
8690,9,9
8691,22,22
8692,14,14
8693,24,24
8694,13,13
8695,10,17
8696,19,19
8697,9,10
8698,18,18
8699,13,14
8700,6,6
8701,7,7
8702,6,6
8703,16,16
8704,13,13
8705,11,12
8706,14,14
8707,14,14
8708,10,10
8709,11,11
8710,12,12
8711,14,15
8712,10,10
8713,34,34
8714,11,13
8715,9,10
8716,14,14
8717,12,14
8718,6,8
8719,12,13
8720,10,10
8721,6,6
8722,17,17
8723,6,6
8724,12,12
8725,17,17
8726,16,16
8727,16,16
8728,15,16
8729,7,9
8730,20,20
8731,6,6
8732,12,12
8733,2,2
8734,6,15
8735,16,16
8736,19,19
8737,14,16
8738,11,12
8739,17,17
8740,6,6
8741,15,15
8742,10,10
8743,4,4
8744,4,5
8745,18,18
8746,11,12
8747,10,11
8748,12,12
8749,4,4
8750,15,15
8751,7,7
8752,15,15
8753,18,18
8754,12,12
8755,7,7
8756,5,5
8757,10,10
8758,12,13
8759,8,8
8760,18,18
8761,9,15
8762,3,3
8763,12,12
8764,15,15
8765,14,14
8766,11,11
8767,16,16
8768,14,14
8769,4,4
8770,10,10
8771,23,23
8772,14,14
8773,11,11
8774,13,16
8775,11,17
8776,16,16
8777,12,12
8778,15,15
8779,10,10
8780,3,3
8781,7,7
8782,21,21
8783,7,7
8784,14,14
8785,13,13
8786,15,15
8787,14,14
8788,6,6
8789,2,2
8790,20,20
8791,12,13
8792,10,12
8793,7,7
8794,8,8
8795,6,8
8796,13,17
8797,4,4
8798,18,18
8799,4,4
8800,7,7
8801,5,5
8802,7,7
8803,6,6
8804,11,12
8805,17,17
8806,5,5
8807,5,5
8808,7,8
8809,8,8
8810,10,10
8811,32,32
8812,30,30
8813,16,16
8814,8,8
8815,5,5
8816,21,22
8817,21,24
8818,14,14
8819,2,2
8820,23,24
8821,14,14
8822,16,17
8823,18,18
8824,18,19
8825,23,26
8826,1,2
8827,15,15
8828,17,17
8829,3,3
8830,14,14
8831,12,12
8832,14,14
8833,7,7
8834,10,10
8835,12,12
8836,8,9
8837,14,15
8838,3,5
8839,13,13
8840,12,12
8841,12,14
8842,9,9
8843,14,16
8844,14,14
8845,15,16
8846,9,10
8847,13,13
8848,17,17
8849,12,12
8850,4,4
8851,2,3
8852,14,14
8853,3,3
8854,20,20
8855,10,10
8856,19,20
8857,9,9
8858,9,9
8859,18,18
8860,16,16
8861,17,18
8862,17,18
8863,12,12
8864,4,4
8865,2,2
8866,24,24
8867,16,16
8868,11,11
8869,14,14
8870,21,22
8871,14,14
8872,5,6
8873,19,19
8874,10,10
8875,17,17
8876,24,24
8877,18,18
8878,22,23
8879,4,5
8880,12,13
8881,25,25
8882,18,19
8883,25,25
8884,9,9
8885,8,8
8886,21,22
8887,23,23
8888,2,2
8889,5,6
8890,2,2
8891,16,16
8892,21,21
8893,7,7
8894,15,17
8895,4,4
8896,4,4
8897,12,12
8898,14,14
8899,8,8
8900,8,8
8901,5,5
8902,22,22
8903,25,25
8904,18,18
8905,16,16
8906,19,19
8907,17,17
8908,30,30
8909,13,14
8910,14,14
8911,4,5
8912,26,26
8913,13,13
8914,10,11
8915,14,14
8916,9,9
8917,27,27
8918,18,18
8919,21,21
8920,30,31
8921,21,21
8922,21,22
8923,14,14
8924,6,6
8925,21,22
8926,14,14
8927,24,25
8928,15,15
8929,4,4
8930,4,4
8931,3,3
8932,5,5
8933,14,14
8934,14,14
8935,15,15
8936,16,16
8937,16,16
8938,16,17
8939,12,12
8940,4,4
8941,11,11
8942,18,18
8943,18,18
8944,8,8
8945,12,12
8946,7,7
8947,13,13
8948,4,4
8949,15,16
8950,9,10
8951,12,13
8952,16,16
8953,14,14
8954,6,8
8955,5,6
8956,12,12
8957,15,15
8958,14,14
8959,4,6
8960,10,10
8961,9,10
8962,22,22
8963,8,8
8964,10,10
8965,16,17
8966,17,18
8967,10,10
8968,18,18
8969,2,3
8970,10,10
8971,15,15
8972,12,13
8973,12,13
8974,5,5
8975,14,16
8976,21,21
8977,10,11
8978,4,4
8979,16,16
8980,1,2
8981,10,10
8982,6,6
8983,6,6
8984,17,18
8985,8,8
8986,12,12
8987,9,9
8988,9,9
8989,3,3
8990,7,7
8991,8,8
8992,10,10
8993,21,22
8994,8,8
8995,7,7
8996,2,2
8997,4,4
8998,2,2
8999,28,28
9000,22,22
9001,13,13
9002,18,18
9003,2,3
9004,22,22
9005,30,32
9006,17,17
9007,20,21
9008,4,4
9009,4,4
9010,10,14
9011,9,9
9012,13,13
9013,23,23
9014,2,2
9015,5,5
9016,17,18
9017,16,16
9018,6,7
9019,20,20
9020,17,19
9021,15,16
9022,14,15
9023,12,12
9024,17,17
9025,18,23
9026,5,5
9027,17,18
9028,22,22
9029,7,7
9030,6,6
9031,12,12
9032,22,22
9033,21,21
9034,11,11
9035,6,6
9036,14,14
9037,17,19
9038,8,8
9039,16,17
9040,12,13
9041,9,9
9042,25,26
9043,23,24
9044,7,8
9045,17,18
9046,20,21
9047,12,13
9048,4,4
9049,20,20
9050,3,3
9051,14,15
9052,9,9
9053,18,20
9054,8,8
9055,15,16
9056,15,17
9057,6,6
9058,15,16
9059,22,22
9060,16,16
9061,14,15
9062,6,6
9063,14,15
9064,20,20
9065,19,19
9066,19,19
9067,15,22
9068,20,20
9069,7,7
9070,14,15
9071,14,14
9072,13,13
9073,3,4
9074,4,4
9075,6,7
9076,25,26
9077,13,13
9078,10,11
9079,19,20
9080,21,22
9081,7,9
9082,15,15
9083,18,18
9084,16,16
9085,19,19
9086,13,15
9087,27,28
9088,10,10
9089,13,15
9090,17,18
9091,4,4
9092,18,18
9093,19,22
9094,20,21
9095,17,18
9096,8,8
9097,11,15
9098,8,8
9099,20,20
9100,8,8
9101,12,12
9102,17,17
9103,1,13
9104,13,14
9105,9,18
9106,10,10
9107,18,19
9108,8,8
9109,15,16
9110,3,3
9111,22,26
9112,18,19
9113,9,9
9114,6,6
9115,7,7
9116,14,15
9117,21,21
9118,21,22
9119,13,13
9120,17,18
9121,8,9
9122,14,14
9123,5,5
9124,7,8
9125,13,14
9126,18,18
9127,3,3
9128,8,8
9129,10,10
9130,2,2
9131,7,7
9132,4,5
9133,6,6
9134,19,19
9135,8,8
9136,7,7
9137,18,18
9138,11,11
9139,8,9
9140,12,12
9141,4,4
9142,19,19
9143,13,13
9144,11,11
9145,13,13
9146,6,6
9147,15,16
9148,17,18
9149,16,16
9150,6,6
9151,11,12
9152,9,9
9153,19,20
9154,5,5
9155,2,2
9156,19,19
9157,6,6
9158,12,12
9159,10,10
9160,28,30
9161,11,11
9162,10,10
9163,8,8
9164,7,7
9165,5,5
9166,4,4
9167,15,15
9168,14,14
9169,8,8
9170,16,16
9171,3,3
9172,14,14
9173,11,11
9174,4,4
9175,14,14
9176,12,12
9177,17,17
9178,16,16
9179,8,8
9180,3,3
9181,18,18
9182,2,2
9183,2,2
9184,13,13
9185,21,21
9186,10,11
9187,8,8
9188,3,3
9189,15,15
9190,13,13
9191,2,2
9192,11,12
9193,10,10
9194,14,14
9195,7,7
9196,13,15
9197,11,12
9198,7,7
9199,3,3
9200,16,16
9201,15,16
9202,14,18
9203,11,11
9204,32,32
9205,4,4
9206,18,18
9207,20,21
9208,7,7
9209,4,5
9210,14,14
9211,7,8
9212,8,8
9213,19,20
9214,4,5
9215,21,21
9216,11,12
9217,3,3
9218,14,14
9219,20,21
9220,27,27
9221,18,18
9222,21,22
9223,3,3
9224,17,17
9225,15,15
9226,17,18
9227,4,4
9228,4,5
9229,13,13
9230,8,9
9231,13,14
9232,10,10
9233,7,9
9234,7,7
9235,10,10
9236,16,16
9237,13,13
9238,10,11
9239,12,12
9240,10,10
9241,15,15
9242,8,9
9243,4,4
9244,8,8
9245,6,6
9246,7,7
9247,8,8
9248,3,4
9249,14,14
9250,6,6
9251,17,17
9252,12,13
9253,6,6
9254,13,13
9255,13,13
9256,10,11
9257,4,4
9258,8,8
9259,17,17
9260,17,17
9261,13,13
9262,16,16
9263,10,10
9264,2,2
9265,11,12
9266,15,15
9267,22,22
9268,19,19
9269,22,23
9270,10,10
9271,16,16
9272,5,5
9273,6,7
9274,2,2
9275,12,12
9276,12,12
9277,7,7
9278,19,19
9279,11,12
9280,4,4
9281,15,15
9282,11,11
9283,18,18
9284,3,3
9285,22,25
9286,16,16
9287,9,9
9288,11,11
9289,7,7
9290,2,3
9291,8,8
9292,22,22
9293,23,24
9294,13,13
9295,5,5
9296,6,6
9297,12,12
9298,20,20
9299,9,10
9300,8,8
9301,4,4
9302,2,2
9303,5,5
9304,19,19
9305,14,14
9306,4,4
9307,47,47
9308,12,14
9309,9,9
9310,10,10
9311,10,11
9312,2,2
9313,17,17
9314,11,11
9315,8,8
9316,10,10
9317,6,6
9318,8,8
9319,4,4
9320,9,10
9321,14,14
9322,14,14
9323,20,20
9324,11,11
9325,14,14
9326,12,12
9327,13,13
9328,2,2
9329,12,13
9330,11,11
9331,18,19
9332,10,10
9333,16,16
9334,9,9
9335,10,10
9336,14,14
9337,13,14
9338,14,14
9339,16,16
9340,12,12
9341,11,12
9342,2,2
9343,10,10
9344,23,23
9345,7,8
9346,13,14
9347,10,10
9348,11,11
9349,19,20
9350,12,12
9351,14,15
9352,11,12
9353,12,12
9354,23,24
9355,19,23
9356,4,4
9357,6,6
9358,17,17
9359,9,9
9360,12,14
9361,9,9
9362,16,18
9363,12,12
9364,3,3
9365,16,16
9366,6,6
9367,9,9
9368,9,10
9369,11,11
9370,13,13
9371,10,10
9372,14,14
9373,9,10
9374,16,16
9375,12,12
9376,14,14
9377,15,15
9378,9,9
9379,8,9
9380,17,18
9381,10,11
9382,16,18
9383,14,14
9384,16,16
9385,16,16
9386,15,15
9387,17,17
9388,20,20
9389,16,17
9390,8,8
9391,7,8
9392,2,2
9393,9,9
9394,12,12
9395,4,5
9396,15,15
9397,4,4
9398,4,4
9399,35,38
9400,20,20
9401,6,6
9402,17,18
9403,13,14
9404,13,13
9405,13,13
9406,7,7
9407,8,8
9408,10,10
9409,10,10
9410,7,7
9411,2,2
9412,18,19
9413,5,5
9414,10,10
9415,9,10
9416,6,6
9417,13,13
9418,42,42
9419,14,15
9420,11,12
9421,11,12
9422,14,15
9423,23,24
9424,5,5
9425,21,21
9426,4,4
9427,15,16
9428,19,23
9429,16,16
9430,10,10
9431,12,12
9432,5,6
9433,16,16
9434,3,3
9435,10,10
9436,11,11
9437,4,4
9438,16,16
9439,6,6
9440,8,8
9441,9,9
9442,6,6
9443,10,10
9444,14,14
9445,6,6
9446,6,6
9447,13,13
9448,6,6
9449,10,10
9450,4,4
9451,4,4
9452,13,13
9453,6,6
9454,8,8
9455,24,24
9456,10,10
9457,8,8
9458,10,10
9459,16,16
9460,7,7
9461,13,13
9462,12,12
9463,6,6
9464,10,10
9465,9,9
9466,4,4
9467,8,8
9468,6,6
9469,9,9
9470,12,12
9471,12,12
9472,2,2
9473,15,16
9474,2,3
9475,13,13
9476,11,11
9477,4,4
9478,7,7
9479,20,20
9480,3,4
9481,15,15
9482,10,11
9483,13,13
9484,3,3
9485,2,2
9486,14,14
9487,20,20
9488,26,26
9489,13,13
9490,16,16
9491,12,14
9492,6,6
9493,7,7
9494,18,18
9495,19,20
9496,18,19
9497,13,13
9498,16,16
9499,14,14
9500,14,14
9501,14,14
9502,13,14
9503,33,34
9504,3,5
9505,21,21
9506,5,5
9507,16,16
9508,30,30
9509,14,15
9510,9,9
9511,20,20
9512,14,14
9513,17,17
9514,4,5
9515,16,16
9516,20,21
9517,15,15
9518,10,10
9519,10,10
9520,11,11
9521,6,7
9522,12,12
9523,11,11
9524,6,6
9525,18,19
9526,2,2
9527,6,6
9528,4,4
9529,7,8
9530,11,11
9531,9,9
9532,21,21
9533,19,22
9534,5,5
9535,28,28
9536,19,20
9537,11,11
9538,20,21
9539,20,20
9540,16,16
9541,20,20
9542,19,20
9543,11,12
9544,15,15
9545,20,21
9546,11,11
9547,22,23
9548,19,20
9549,20,20
9550,17,17
9551,12,13
9552,9,10
9553,17,17
9554,22,22
9555,4,4
9556,23,23
9557,6,6
9558,7,7
9559,2,3
9560,21,21
9561,17,17
9562,16,16
9563,22,22
9564,24,24
9565,17,18
9566,20,20
9567,12,17
9568,14,14
9569,13,13
9570,12,12
9571,18,18
9572,14,16
9573,12,13
9574,18,18
9575,13,13
9576,12,12
9577,20,20
9578,3,3
9579,23,23
9580,10,10
9581,15,18
9582,16,16
9583,25,25
9584,27,27
9585,2,2
9586,16,17
9587,3,4
9588,11,12
9589,6,6
9590,17,17
9591,20,20
9592,28,28
9593,21,22
9594,19,19
9595,15,17
9596,14,14
9597,15,16
9598,10,12
9599,14,15
9600,19,20
9601,21,21
9602,20,20
9603,11,12
9604,16,17
9605,18,18
9606,12,13
9607,15,16
9608,18,18
9609,16,17
9610,18,18
9611,8,8
9612,18,19
9613,4,5
9614,15,15
9615,14,17
9616,19,20
9617,19,20
9618,5,7
9619,17,17
9620,26,27
9621,9,9
9622,28,28
9623,7,7
9624,26,26
9625,8,8
9626,16,16
9627,13,13
9628,20,21
9629,18,18
9630,18,18
9631,11,11
9632,10,10
9633,14,17
9634,3,3
9635,23,23
9636,6,6
9637,8,10
9638,2,2
9639,8,8
9640,12,13
9641,11,11
9642,4,4
9643,16,21
9644,17,17
9645,15,15
9646,13,13
9647,8,8
9648,16,16
9649,22,22
9650,17,18
9651,17,18
9652,13,14
9653,8,8
9654,9,9
9655,9,9
9656,13,13
9657,13,13
9658,26,26
9659,16,16
9660,18,20
9661,15,15
9662,6,6
9663,14,14
9664,23,23
9665,20,20
9666,13,13
9667,16,17
9668,10,11
9669,14,15
9670,12,13
9671,13,14
9672,5,15
9673,15,15
9674,22,23
9675,14,14
9676,19,19
9677,18,19
9678,12,12
9679,23,23
9680,14,14
9681,9,18
9682,9,9
9683,8,8
9684,6,6
9685,3,3
9686,9,9
9687,6,6
9688,4,5
9689,5,5
9690,15,15
9691,3,3
9692,12,12
9693,4,4
9694,7,7
9695,27,27
9696,22,22
9697,4,4
9698,18,19
9699,6,7
9700,16,16
9701,11,16
9702,25,26
9703,31,31
9704,19,19
9705,18,18
9706,18,18
9707,29,30
9708,4,4
9709,15,15
9710,10,10
9711,4,4
9712,13,13
9713,3,3
9714,7,7
9715,10,10
9716,4,4
9717,20,20
9718,7,7
9719,7,7
9720,14,14
9721,11,11
9722,11,11
9723,6,6
9724,10,10
9725,3,3
9726,10,10
9727,9,9
9728,6,6
9729,12,12
9730,8,8
9731,6,6
9732,16,16
9733,6,6
9734,11,14
9735,11,12
9736,14,15
9737,14,14
9738,19,19
9739,6,6
9740,10,10
9741,13,14
9742,10,10
9743,10,10
9744,11,12
9745,11,11
9746,7,7
9747,8,8
9748,8,8
9749,5,5
9750,8,8
9751,11,11
9752,15,15
9753,9,10
9754,11,11
9755,7,7
9756,3,3
